ID,Type,SKU,Name,"In stock?","Regular price"
5038,simple,742b7f15ef78,AC224,0,229
5039,simple,2a87353016c6,AC220,1,235
5040,simple,54520bb5c76e,AC221,1,235
5041,simple,e3b6df7729f4,AC222,1,235
5042,simple,a5f88ed25ba5,AC223,1,235
5043,simple,6aba114c4211,AC225,1,229
5044,simple,e0ae51573869,AC226,1,229
5045,simple,fd2d1f854fb2,AC227,1,229
5046,simple,42a1628c70bb,AC210,1,419
5047,simple,3c5a9a7868ed,AC211,1,419
5048,simple,691d4acc24e3,AC717,1,136
5049,simple,6ac98b2977e3,AC720,1,132
5050,simple,d22cfdc28a3e,AC719,1,100
5051,simple,e00568ed7701,AC712,1,105
5052,simple,d48bed31a207,AC716,1,136
5053,simple,eeaa5ca7ea84,AC718,1,100
5054,simple,eb31a38af290,AC212,1,419
5055,simple,c35f4887b451,AC213,1,419
5056,simple,f1558d41ccd4,AC713,1,90
5063,simple,87d8d4139692,AC10,0,419
5069,simple,b79624e98647,M37,1,149
5070,simple,dd56ae084aa5,M6,1,219
5074,simple,76713e6aead9,AC751,1,85
5075,simple,753a3461c436,AC752,1,85
5076,simple,1cb29a0356ea,AC750,1,85
5077,simple,b3b79db37210,AC753,1,85
5083,simple,acfdf4aba969,AC754,1,69
5084,simple,b628602f78fc,AC755,1,69
5085,simple,b64737627d08,AC756,1,69
5086,simple,f9ce70a53919,AC757,1,69
5088,simple,4619d538abea,AC758,1,85
5089,simple,027acc31a67b,AC759,1,85
5091,simple,5853b38d5d1a,AC761,1,85
5092,simple,640986f14386,AC31,1,359
5103,simple,574427e09fef,AC722,1,188
5109,simple,22835ab50784,B53-QB,1,367
5111,simple,379cd185169c,B128-QB,1,299
5113,simple,7fbb462f965c,B102-QB,1,89
5114,simple,909ab6b8fc80,B103-QB,1,89
5115,simple,8a75f5d811bf,B113-TB,1,106
5116,simple,9777206facf2,B135-QB,1,89
5117,simple,98a13ff4cacb,B96-EKB,1,525
5118,simple,df799fae4e86,B112-FB,1,123
5119,simple,4b51b9863bc1,B120-EKB,1,294
5120,simple,09ef073bea45,B204-QB,1,49
5121,simple,93caf6591be5,B205-QB,1,49
5122,simple,51bdc227fb71,B65-EKB,1,473
5123,simple,47fd59b28cbd,B66-EKB,1,473
5125,simple,95266bb8b705,B87-QB,1,83
5126,simple,10acf6953b70,B88-QB,1,83
5129,simple,e6214ba5ecdc,B122-EKB,1,287
5130,simple,c9a03266213b,B125-QB,1,288
5132,simple,2f4638073791,B129-QB,1,300
5135,simple,07cd52b85a1e,B113-FB,1,123
5137,simple,0a789d5e0d6b,B113-QB,1,134
5140,simple,3254caa0657c,B125-TB,1,254
5141,simple,a5ed77c60c5a,B103-FB,1,83
5142,simple,781ad6de1b24,B103-TB,1,79
5144,simple,8c6d5a0cb3b2,B128-FB,1,286
5145,simple,d38e3fd022d8,B128-TB,1,264
5146,simple,b2eeb85c1ac7,B125-FB,1,275
5147,simple,98489f3dfecf,B66-CKB,1,473
5148,simple,6f84f1448bb8,B120-FB,1,222
5149,simple,3d9913692cfc,B120-QB,1,243
5150,simple,13247b28f123,B65-CKB,1,473
5152,simple,abf7b2898de2,B65-QB,1,420
5153,simple,089700f4df58,B112-QB,1,134
5154,simple,744c5fb50aaf,B64-QB,1,420
5155,simple,96316d109cff,B67-CKB,1,473
5157,simple,b3130cbe3c03,B112-TB,1,106
5158,simple,592d3f9c2f55,B88-TB,1,73
5159,simple,9ba305709623,B98-QB,1,473
5163,simple,62c711f8a9b7,B136-TB,1,79
5164,simple,6d136b3b1d26,B204-FB,1,49
5165,simple,1a47c66a6ed7,B811-EKB,1,795
5167,simple,8a52e7ca652d,B95-QB,1,473
5168,simple,c1cd62e02c88,B96-CKB,1,525
5169,simple,b455420ddd92,B95-EKB,1,525
5170,simple,28d64b2e98a2,B129-FB,1,287
5171,simple,3aacc4881125,B135-FB,1,83
5173,simple,10079aef5275,B88-FB,1,79
5174,simple,2fca0f560356,B102-FB,1,83
5176,simple,fdeadac2352f,B129-TB,1,265
5178,simple,55fe30a1c05e,B87-TB,1,73
5179,simple,e0bd8f52a154,B122-QB,1,236
5181,simple,3d02eb160fbd,B98-CKB,1,525
5182,simple,9e3b5c02ac74,B122-FB,1,216
5184,simple,0973f3d2c7a7,B53-EKB,1,420
5185,simple,92ad7accd42c,B87-FB,1,79
5186,simple,2eb492842545,B96-QB,1,473
5187,simple,9b3a74fe4929,B102-TB,1,79
5189,simple,a2dbd1c363e2,B811-CKB,1,795
5190,simple,91a23d330c11,B811-QB,1,649
5201,simple,af63ebe75533,B47-CKB,1,473
5202,simple,571c902a22a4,B50-CKB,1,473
5203,simple,b61d16653550,B50-QB,1,420
5204,simple,a23974db9585,B51-QB,1,420
5205,simple,daac8f84abd0,B48-CKB,1,473
5206,simple,d176aeeb0984,B48-QB,1,420
5210,simple,5e8eb27b0558,B47-QB,1,420
5212,simple,51e5d0f23787,B51-CKB,1,473
5213,simple,6d6942afdf6d,B26-CKB,1,420
5214,simple,0592dac92e21,B28-EKB,1,420
5216,simple,cfa18cff12f4,B27-EKB,1,420
5217,simple,72965de7c224,B28-CKB,1,420
5218,simple,b25186575d8b,B27-CKB,1,420
5219,simple,2ddfb1dcdacd,B27-QB,1,367
5220,simple,6afeb48563e8,B26-QB,1,367
5221,simple,f8a86c505412,B28-QB,1,367
5222,simple,6367282c2692,B29-CKB,1,420
5251,simple,3412738aaa1e,B54-CKB,1,625
5253,simple,747228e280f2,B67-QB,1,420
5254,simple,4599f9f7b5d2,B136-FB,1,83
5255,simple,acb75ff80e24,B137-FB,1,83
5256,simple,5d8a59c1c8e0,B136-QB,1,89
5257,simple,ab1e24902ffd,B137-QB,1,89
5258,simple,5f36be2338a4,B137-TB,1,79
5259,simple,1f6a9540df34,B95-CKB,1,525
5260,simple,5fd77c9734ef,B106,1,100
5261,simple,ce38564513d7,B107,1,100
5262,simple,1b530b1397b1,B108,1,100
5263,simple,e8b01f5af523,B85,1,68
5264,simple,976ab9db3efb,B86,1,68
5269,simple,ae98fdd6e850,BS30,1,89
5271,simple,233bb28c7d25,BS47,1,262
5272,simple,2bf5a0684de9,BS28,1,94
5273,simple,d7a1b1ba7887,BS29,1,94
5274,simple,cfaa6e8b8088,BS31,1,90
5275,simple,287091adbdae,BS40,1,241
5276,simple,bff8969f1c2d,BS42,1,241
5277,simple,69144b58ef51,BS43,1,241
5278,simple,4320db54ce73,BS27,1,94
5279,simple,e7b797938b89,BS41,1,241
5280,simple,ac9bbe39363b,BS45,1,262
5281,simple,93df3d5417eb,BS160,1,247
5283,simple,d00aeb511a9d,BS46,1,262
5284,simple,4253bab419cc,BS75,1,90
5285,simple,c0033573cdfb,BS545,1,188
5286,simple,25483a2b383b,BS44,1,262
5287,simple,210c985e62c8,BS76,1,90
5288,simple,73183ff3f92b,BS52,1,182
5289,simple,b50c41781356,BS55,1,182
5290,simple,2107a85f00ac,BS101,1,259
5291,simple,9938f092fbbf,BS100,1,259
5292,simple,ef2032a8d229,BS105,1,252
5293,simple,a2c56b7b2a4c,BS107,1,252
5294,simple,0d2331aff3ff,BS106,1,252
5295,simple,913b85b007bd,BS104,1,252
5296,simple,1a61f358afc6,BS26,1,94
5297,simple,d0a0273bba0c,BS59,1,182
5298,simple,4ae750566834,BS56,1,182
5299,simple,d58ac170c302,BS58,1,182
5300,simple,c97e6239a8f1,BS161,1,247
5301,simple,3589c70044aa,BS162,1,247
5302,simple,7ce2a6450418,BS53,1,182
5303,simple,cc93bb1ac143,BS54,1,182
5304,simple,d0b95b2e748d,BS57,1,182
5306,simple,76ddc2cf52e3,BS102,1,259
5307,simple,4eb5b43b1347,BS103,1,259
5308,simple,902d77da76de,B810-EKB,1,795
5309,simple,f27f1ffbcefa,B810-CKB,1,795
5310,simple,f59d898f7dff,B810-QB,1,649
5311,simple,e68726f47e17,BEL-EKB,1,929
5312,simple,efa812547970,BEL-CKB,1,929
5313,simple,8041a4970979,BEL-QB,1,795
5317,simple,37181a2886c0,CATH-EKB,1,423
5318,simple,0f45e2c0ca91,CATH-CKB,1,423
5319,simple,80022a5212f2,CATH-QB,1,338
5320,simple,2b7ed69b153f,VEN-EKB,1,895
5321,simple,13c8f8e15711,VEN-CKB,1,895
5322,simple,acc671ca12e0,VEN-QB,1,769
5326,simple,161753f242d5,SAN-EKB,1,819
5327,simple,2c95b4696fab,SAN-CKB,1,819
5328,simple,ce51c1e8f7a0,SAN-QB,1,689
5329,simple,3eb800ad8ac8,ANA-EKB,1,163
5330,simple,13e8807d89ec,ANA-CKB,1,163
5331,simple,d7867a3b91b0,ANA-QB,0,134
5332,simple,67297391b9a5,ANA-FB,0,128
5333,simple,5f173ec58a96,MAD-EKB,1,252
5334,simple,5576fb31076b,MAD-CKB,1,252
5335,simple,4fc3d268239e,MAD-QB,0,169
5336,simple,167ffc695377,MAD-FB,1,180
5337,simple,0baaf737d7e7,PAN-EKB,1,849
5338,simple,643670cb8d1f,PAN-CKB,1,849
5339,simple,54cfc5a535b6,PAN-QB,1,699
5340,simple,08ddaf9222be,ROS-EKB,1,620
5341,simple,c64c71d7a759,ROS-CKB,1,620
5342,simple,ad1a57834e5f,ROS-QB,1,487
5343,simple,432dd4ec4670,SLE-EKB,1,925
5344,simple,11021e155247,SLE-CKB,1,925
5345,simple,efb440eafa1d,SLE-QB,1,779
5346,simple,be30c342ae70,LIS-EKB,1,560
5347,simple,35ec73eedec6,LIS-CKB,1,560
5348,simple,69aae84e9076,LIS-QB,1,445
5350,simple,d8b4bf136ecd,CATH-FB,1,338
5351,simple,053d7efe7cf4,B810-B,1,239
5352,simple,31e816b7cf08,BEL-B,1,175
5353,simple,7f8b89fbdd3a,VEN-B,1,175
5354,simple,d9ab8c2c4c8d,B810-EK3,1,1679
5355,simple,df3aebb24274,B810-Q3,1,1533
5356,simple,3e2dfd93114a,B810-CK3,1,1679
5357,simple,9ff557519ca1,B810-EK4NC,1,2658
5358,simple,088d2ca90024,B810-EK4C,1,2413
5359,simple,2eca33b67234,B810-EK4N,1,2109
5360,simple,14ed684c471b,B810EK4,1,1864
5361,simple,4192429cc14f,B810-CK4NC,1,2658
5362,simple,61f8d6068660,B810-CK4C,1,2413
5363,simple,e43fe4df1200,B810-CK4N,1,2109
5365,simple,a4f46e423426,B810-Q4NC,1,2512
5366,simple,645e5f102233,B810-Q4C,1,2267
5367,simple,08a9b9a9b841,B810-Q4N,1,1963
5368,simple,faffeee8102f,B810Q4,1,1718
5369,simple,3e5b89e1f5a7,BEL-EK4NC,1,2880
5370,simple,e5215d069278,BEL-EK4C,1,2621
5371,simple,7230f3134dec,BEL-EK4N,1,2345
5372,simple,9b2fecf907f1,BEL-EK4,1,2086
5373,simple,ad0fcc1f1e10,BEL-EK3,1,1877
5374,simple,7f9e032d7002,BEL-CK4NC,1,2880
5375,simple,6a1847cc2df3,BEL-CK4C,1,2621
5376,simple,95945d3c10ce,BEL-CK4N,1,2345
5377,simple,23ea4c9c87b9,BEL-CK4,1,2086
5378,simple,a76167330a66,BEL-CK3,1,1877
5379,simple,2193b59d99b3,BEL-Q4NC,1,2746
5380,simple,60c32e66b5ed,BEL-Q4C,1,2487
5381,simple,d9a3614739de,BEL-Q4N,1,2211
5382,simple,4f361b677801,BEL-Q4,1,1952
5383,simple,348b112733f5,BEL-Q3,1,1743
5399,simple,faf3c46025a7,CATH-EK4NC,1,1645
5400,simple,2108beaa8b20,CATH-EK4C,1,1492
5401,simple,e230169679aa,CATH-EK4N,1,1288
5402,simple,b2357669a711,CATH-EK4,1,1135
5403,simple,3a37af93623c,CATH-EK3,1,1058
5404,simple,ad08876d17e3,CATH-CK4NC,1,1645
5405,simple,3d8802463510,CATH-CK4C,1,1492
5406,simple,2d2bf8591777,CATH-CK4N,1,1288
5407,simple,0fbaa206ef82,CATH-CK4,1,1135
5408,simple,f80209068e75,CATH-CK3,1,1058
5409,simple,6c28a45d60fa,CATH-Q4NC,1,1560
5410,simple,caa0cc9c0ef3,CATH-Q4C,1,1407
5411,simple,1e3ab5189482,CATH-Q4N,1,1203
5412,simple,82db41304eb3,CATH-Q4,1,1050
5413,simple,23792a3c1603,CATH-Q3,1,973
5414,simple,9ebd4c1925d5,VEN-EK4NC,1,2926
5415,simple,a944b483f01c,VEN-EK4C,1,2637
5416,simple,cfbbdcf76896,VEN-EK4N,1,2361
5417,simple,9fe5d00de7f2,VEN-EK4,1,2072
5418,simple,99272e12120d,VEN-EK3,1,1903
5419,simple,bdfd86f627bc,VEN-CK4NC,1,2926
5420,simple,54e1dbfc51a5,VEN-CK4C,1,2637
5421,simple,d5fe629fc2e0,VEN-CK4N,1,2361
5422,simple,29299000104b,VEN-CK4,1,2072
5423,simple,e24df821ddac,VEN-CK3,1,1903
5424,simple,9dc941a4d48b,VEN-Q4NC,1,2800
5425,simple,62474c06a128,VEN-Q4C,1,2511
5426,simple,5bf12ddfcb10,VEN-Q4N,1,2235
5427,simple,827f12fe40e1,VEN-Q4,1,1946
5428,simple,a5ad7568f04c,VEN-Q3,1,1777
5444,simple,b8d52d810333,SAN-EK4NC,1,2122
5445,simple,374731c4bbb8,SAN-EK4C,1,1963
5446,simple,e3ffa9ab1dfd,SAN-EK4N,1,1707
5447,simple,956f279ff8d6,SAN-EK4,1,1548
5448,simple,ed7ef0d467d1,SAN-EK3,1,1473
5449,simple,4702a998c21c,SAN-CK4NC,1,2122
5450,simple,47752518314,SAN-CK4C,1,1963
5451,simple,bb5954c39664,SAN-CK4N,1,1707
5452,simple,6786ec02a4b9,SAN-CK4,1,1548
5453,simple,e3421ef3af2c,SAN-CK3,1,1473
5454,simple,eba3b94754dc,SAN-Q4NC,1,1992
5455,simple,740c585fe2c2,SAN-Q4C,1,1833
5456,simple,72c1bac2e7ce,SAN-Q4N,1,1577
5457,simple,3ad6d694516c,SAN-Q4,1,1418
5458,simple,303767ed666a,SAN-Q3,1,1343
5459,simple,7e1b98e4f732,ANA-EK4NC,1,1112
5460,simple,1a0b90060201,ANA-EK4C,1,988
5461,simple,6c6eda28926b,ANA-EK4N,1,827
5462,simple,1b63c2cd1ebe,ANA-EK4,1,703
5463,simple,ee1780370032,ANA-EK3,1,643
5464,simple,385dd3a72f09,ANA-CK4NC,1,1112
5465,simple,266ddf110815,ANA-CK4C,1,988
5466,simple,54fef77b4bee,ANA-CK4N,1,827
5467,simple,6bae2bbe5ee6,ANA-CK4,1,703
5468,simple,11f459bdf2d2,ANA-CK3,1,643
5469,simple,c1cdda8c8a49,ANA-Q4NC,1,1083
5470,simple,9ce711cf84b2,ANA-Q4C,1,959
5471,simple,5cc8fe2dc5d9,ANA-Q4N,1,798
5472,simple,59e3d099d42e,ANA-Q4,1,674
5473,simple,d7d914bf65c3,ANA-Q3,1,614
5474,simple,ffd641dd98cd,ANA-F4NC,0,1077
5475,simple,a54529994459,ANA-F4C,0,953
5476,simple,bcbe262bd58d,ANA-F4N,0,792
5477,simple,6f12b98b8450,ANA-F4,0,668
5478,simple,b57de39d5101,ANA-F3,0,608
5479,simple,c5e2940c5fac,ANA-T4NC,1,1056
5480,simple,87af5a1cc9ae,ANA-T4C,1,932
5481,simple,29bd73fbe276,ANA-T4N,1,771
5482,simple,3e6e1302289e,ANA-T4,1,647
5483,simple,6f5a0ae6c6dc,ANA-T3,1,587
5484,simple,376817c5eedb,MAD-EK4NC,1,1158
5485,simple,b2faabaa7d7a,MAD-EK4C,1,1044
5486,simple,9fad05226602,MAD-EK4N,1,906
5487,simple,5c30e753a39d,MAD-EK4,1,792
5488,simple,cf7642df40fa,MAD-EK3,1,738
5489,simple,dc78c0b4738d,MAD-CK4NC,1,1158
5490,simple,918134fb423f,MAD-CK4C,1,1044
5491,simple,799de58ee4d8,MAD-CK4N,1,906
5492,simple,631001cfaf1c,MAD-CK4,1,792
5493,simple,9693c14dcda2,MAD-CK3,1,738
5494,simple,bd9ed975ce8e,MAD-Q4NC,1,1086
5495,simple,dddf14fdb501,MAD-Q4C,1,972
5496,simple,494971d69b73,MAD-Q4N,1,834
5497,simple,0bbee83e3bca,MAD-Q4,1,720
5498,simple,313a4dc08c73,MAD-Q3,1,666
5499,simple,e3486cc2d5a6,MAD-F4NC,1,1086
5500,simple,c69353507cf6,MAD-F4C,1,972
5501,simple,3f7eafc16698,MAD-F4N,1,934
5502,simple,05b22b750c46,MAD-F4,1,720
5503,simple,5d04143a2aae,MAD-F3,1,666
5504,simple,f21ac0705cca,PAN-EK4NC,1,2591
5505,simple,794e12f65964,PAN-EK4C,1,2352
5506,simple,052cf50e311d,PAN-EK4N,1,2062
5507,simple,96dc9070bced,PAN-EK4,1,1823
5508,simple,f88c86da9cd2,PAN-EK3,1,1703
5509,simple,624dc1e8b588,PAN-CK4NC,1,2591
5510,simple,d6f63a7b7f67,PAN-CK4C,1,2352
5511,simple,4f4466d3cd9a,PAN-CK4N,1,2062
5512,simple,2d50baf38e17,PAN-CK4,1,1823
5513,simple,75904727539b,PAN-CK3,1,1703
5514,simple,333fd49ae448,PAN-Q4NC,1,2441
5515,simple,8ece94b06d39,PAN-Q4C,1,2202
5516,simple,e8e34a3a5620,PAN-Q4N,1,1912
5517,simple,0ced3e789d8f,PAN-Q4,1,1673
5518,simple,bd99ba5456b4,PAN-Q3,1,1553
5519,simple,3b2758178450,ROS-EK4NC,1,2056
5520,simple,70c59cc0273f,ROS-EK4C,1,1882
5521,simple,6266ed9e281c,ROS-EK4N,1,1597
5522,simple,8f167a4ab27f,ROS-EK4,1,1423
5523,simple,defd7694bd49,ROS-EK3,1,1333
5524,simple,452f0bdc1947,ROS-CK4NC,1,2056
5525,simple,09e7ce9c4d48,ROS-CK4C,1,1882
5526,simple,65cce5893555,ROS-CK4N,1,1597
5527,simple,66f433fe777f,ROS-CK4,1,1423
5528,simple,bef998b07e46,ROS-CK3,1,1333
5529,simple,86224e814268,ROS-Q4NC,1,1923
5530,simple,1a38e9d706b7,ROS-Q4C,1,1749
5531,simple,9f0fd5c84acf,ROS-Q4N,1,1464
5532,simple,af1f8d76461c,ROS-Q4,1,1290
5533,simple,56b1d0627b83,ROS-Q3,1,1200
5534,simple,5f09d52cab7c,SLE-EK4NC,1,2667
5535,simple,79bf7b0de007,SLE-EK4C,1,2428
5536,simple,9cfd7ff72de4,SLE-EK4N,1,2138
5537,simple,6f5b5fc5dbef,SLE-EK4,1,1899
5538,simple,c929b0e75478,SLE-EK3,1,1779
5539,simple,a0f8ac9e7d01,SLE-CK4NC,1,2667
5540,simple,2da25d896897,SLE-CK4C,1,2428
5541,simple,d7855deeba6a,SLE-CK4N,1,2138
5542,simple,e1ee0be5d711,SLE-CK4,1,1899
5543,simple,68e8c5ec4cd1,SLE-CK3,1,1779
5544,simple,0a6f8a2a6f3e,SLE-Q4NC,1,2521
5545,simple,598054e13774,SLE-Q4C,1,2282
5546,simple,228ef81e02f8,SLE-Q4N,1,1992
5547,simple,01a570d79ffd,SLE-Q4,1,1753
5548,simple,777270f9ebf9,SLE-Q3,1,1633
5549,simple,c101adaab0c2,LIS-EK4NC,1,1720
5550,simple,7a7e0e1191a8,LIS-EK4C,1,1580
5551,simple,908314c39eec,LIS-EK4N,1,1365
5552,simple,5f6270a4ce41,LIS-EK4,1,1225
5553,simple,3f5ef41f484a,LIS-EK3,1,1155
5554,simple,130d2246c043,LIS-CK4NC,1,1720
5555,simple,55f688ddf41a,LIS-CK4C,1,1580
5556,simple,59867c470558,LIS-CK4N,1,1365
5557,simple,5b18260556a3,LIS-CK4,1,1225
5558,simple,9ce150eed8f9,LIS-CK3,1,1155
5559,simple,545aadea8821,LIS-Q4NC,1,1605
5560,simple,d48298b0f8f6,LIS-Q4C,1,1465
5561,simple,c49dd5f4f528,LIS-Q4N,1,1250
5562,simple,ab0bbcba04bd,LIS-Q4,1,1110
5563,simple,8d9902d982ac,LIS-Q3,1,1040
5569,simple,dc31eb6dca3d,CATH-F4NC,1,1560
5570,simple,9933c135beb5,CATH-F4C,1,1407
5571,simple,c849085d5e18,CATH-F4N,1,1203
5572,simple,8b6c1860af57,CATH-F4,1,1050
5573,simple,ccbfb3a109ca,CATH-F3,1,973
5574,simple,5019d817ba91,VEN-EK3V-NC,1,2693
5575,simple,2440d0f48daf,VEN-EK3V-C,1,2404
5576,simple,caf740e9ebf6,VEN-EK3V-N,1,2128
5577,simple,0542ea75c462,VEN-EK3V,1,1839
5578,simple,56e4a7eb3862,VEN-CK3V-NC,1,2693
5579,simple,8d8cd7147381,VEN-CK3V-C,1,2404
5580,simple,da6d198ef761,VEN-CK3V-N,1,2128
5581,simple,d5e8c45bb062,VEN-CK3V,1,1839
5582,simple,c3b3ead7e3af,VEN-Q3V-NC,1,2567
5583,simple,881b00df9954,VEN-Q3V-C,1,2278
5584,simple,fdf124b8dbdc,VEN-Q3V-N,1,2002
5585,simple,35831ced0d18,VEN-Q3V,1,1713
5598,simple,0efb9a0d98a7,B810-C,0,549
5599,simple,b8eda96af323,BEL-C,0,535
5601,simple,e38ae10929f0,CATH-C,0,315
5602,simple,a96a2d4aa147,VEN-C,0,495
5604,simple,d16d58c970fa,B810-DR,0,639
5606,simple,7079c6a6fce0,BEL-DR,0,689
5607,simple,ca4d7b66cf48,CATH-DR,0,425
5608,simple,c4ebe90d358a,VEN-DR,0,619
5610,simple,f8f0ef7ecf95,B810-DRM,0,824
5612,simple,b52ccfa94286,BEL-DRM,0,898
5613,simple,2b57716de169,CATH-DRM,0,500
5614,simple,71961181386c,VEN-DRM,0,774
5616,simple,4ff33d759785,VIC-FM,0,83
5617,simple,fac8cafa04a8,B810-NS,0,245
5619,simple,9001a1b286c1,BEL-N,0,259
5620,simple,6dc020e59b09,CATH-NS,0,135
5621,simple,7e321da1da42,VEN-N,0,249
5623,simple,117c120d1971,VEN-VN,1,655
5624,simple,dd864f9f1bf6,VIC-VN,0,500
5625,simple,80565399c6dc,VEN-VS,1,105
5627,simple,8baac452ace0,SC65,1,719
5628,simple,9aa99eb0e8a6,SC64,1,719
5629,simple,8c3d6142a008,SC66,1,719
5630,simple,d6b67c37fa33,SC86,1,780
5631,simple,43d5f9cfdc98,SC88,1,780
5632,simple,e6cb2b0402a7,SC67,1,719
5633,simple,4bf2a52e3375,SC85,1,780
5634,simple,3eb53b824771,SC87,1,780
5643,simple,4d9c9b844546,CH24,1,119
5644,simple,3ab118fc7418,CH25,1,119
5645,simple,cc27a2973fc8,CH26,1,119
5646,simple,472187d72565,CH165,1,231
5647,simple,bb3788a5af26,CH167,1,231
5648,simple,b71b751cded6,CH166,1,231
5649,simple,e4a8c3848bd0,CH104,1,231
5650,simple,8b78948f67d9,CH103,1,239
5651,simple,bcebbee1b221,CH101,1,239
5652,simple,aa8101cc9d68,CH102,1,239
5653,simple,92f20d7498b4,CH100,1,239
5654,simple,5928caf8492e,CH105,1,231
5655,simple,0e52f25c4b83,CH106,1,231
5656,simple,0e535e3d656c,CH107,1,231
5657,simple,b8498c4a7fbc,SC23,1,124
5658,simple,95d476ac5d82,SC47,1,287
5659,simple,3675cffda8b7,SC48,1,287
5660,simple,58477e3c3633,SC50,1,298
5661,simple,b3b090b0c585,SC52,1,298
5662,simple,0f7166ffa5c7,SC70,1,255
5663,simple,463f8c8a0b21,SC22,1,124
5664,simple,ce529e54a5f5,SC55,1,474
5665,simple,0bdc81d982a2,SC21,1,124
5666,simple,5a90925605f7,SC27,1,256
5667,simple,6b90f76a75dd,SC45,1,287
5668,simple,6ff5b5e1bb4c,SC51,1,298
5669,simple,e5f4ffbb2bb3,SC57,1,474
5670,simple,2c63f08fc1b8,SC62,1,436
5671,simple,5dcb71bc718d,SC53,1,298
5672,simple,66eb5ae9a942,SC56,1,474
5673,simple,d3b88b364302,SC58,1,474
5674,simple,85bf06edc2f3,SC60,1,436
5675,simple,52b4944b1209,SC63,1,436
5676,simple,0c7e28353e1d,SC76,1,276
5677,simple,7a297fd90188,SC118,1,304
5678,simple,4eed40c00740,SC123,1,349
5679,simple,3d3f3ea53201,SC126,1,332
5680,simple,ab7be81305ea,SC127,1,332
5681,simple,f7a3e5b0702b,SC130,1,307
5682,simple,a3658e4808ef,SC140,1,251
5683,simple,3c784e410e66,SC162,0,254
5684,simple,13b78363459f,SC163,1,254
5685,simple,5eefb694b4d0,SC61,1,436
5686,simple,12edc895df69,SC71,1,255
5687,simple,13cfc12107e8,SC72,1,255
5688,simple,0a3235f9fec6,SC74,1,276
5689,simple,fd470f5848a2,SC131,1,307
5690,simple,69f924a6a064,SC132,1,307
5691,simple,55be10bbc2cd,SC141,1,251
5692,simple,3656d930d081,SC142,1,251
5693,simple,56e21518f64f,SC143,1,251
5694,simple,a849b29d09cf,SC73,1,255
5695,simple,0b3ecf56828f,SC75,1,276
5696,simple,c66d36feb29b,SC77,1,276
5697,simple,281b95493596,SC81,1,283
5699,simple,79dc92a0fba1,SC122,1,349
5700,simple,f4af7e5360c7,SC124,1,332
5701,simple,c2d59f582de6,SC120,1,349
5702,simple,b1912f9fcaad,SC121,1,349
5703,simple,05bfb38ca434,SC146,1,233
5704,simple,c912f6aef361,SC168,1,209
5705,simple,dd94f7e5dd4b,SC170,1,209
5706,simple,8971a1304969,SC145,1,233
5707,simple,52c88304c326,SC147,1,233
5708,simple,ec3a60cb964a,SC160,1,254
5709,simple,c06bf649b043,SC167,1,248
5710,simple,2b0dcd2abf46,SC144,0,233
5711,simple,813b684c2b5d,SC161,1,254
5712,simple,ffa3400528c9,SC165,1,248
5713,simple,1f3e8771feca,SC169,1,209
5714,simple,c4fab3bb44c3,SC90,1,179
5715,simple,cae45f4c4ef3,SC101,1,253
5716,simple,f88626f75af9,SC105,1,246
5717,simple,941b6c01f8b0,SC100,1,253
5718,simple,2a52f23b56db,SC102,1,253
5719,simple,246d6154706a,SC104,1,246
5720,simple,423423d7b972,SC106,1,246
5721,simple,a9e48b84c2a2,SC107,1,246
5722,simple,8c518ba6c5d8,SC93,1,179
5723,simple,4e024ab9fe37,SC111,1,449
5724,simple,8b7c38596dad,SC92,1,179
5725,simple,0710922e8d38,SC97,1,174
5726,simple,89414043da70,SC24,1,124
5727,simple,624c10b97786,SC59,1,436
5728,simple,73c1b371dc68,SC95,1,174
5729,simple,56ffc8d7a056,SC116,1,304
5730,simple,d4c8c3f30af5,SC94,1,174
5731,simple,5aebd727b6db,SC112,1,449
5732,simple,23cd415c9eeb,SC117,1,304
5733,simple,559335cda6b4,SC91,1,179
5734,simple,c472653d4ac7,SC113,1,449
5735,simple,9d1d505f5a1b,SC96,1,174
5736,simple,a1df6ae520ad,SC115,1,304
5737,simple,87a81eeb2f49,SC175,1,249
5738,simple,c28bd7d12075,D121-SC,1,239
5739,simple,6017874c7659,D120-SC,1,239
5740,simple,9b8fe029a2e4,SC176,1,249
5741,simple,c9210f3486a3,SC183,1,274
5742,simple,d11716d047de,SC196,1,260
5743,simple,2d7694edb2d5,SC193,1,253
5744,simple,8bb9d556cf01,SC192,1,253
5745,simple,63801da55d81,SC185,1,301
5746,simple,49af06143f2b,SC181,1,274
5747,simple,2dc7927bf693,SC182,1,274
5748,simple,948cd488caaa,SC197,1,260
5749,simple,d1eb595ee5dd,SC184,1,301
5750,simple,0a10052757fa,SC187,1,301
5751,simple,9b42bad7d065,SC180,1,274
5752,simple,96914d88988f,SC186,1,301
5753,simple,2f7cb86a65b3,SC190,1,253
5754,simple,4b1211e622a7,SC191,1,253
5755,simple,efdb3f1bf16e,SC69,1,255
5756,simple,d39d66df5e4f,SC26,1,256
5757,simple,3950f5aac071,SC46,1,287
5758,simple,a1a4294eb982,SC103,1,253
5759,simple,f39e948b98f2,SC125,1,332
5760,simple,8aa0b7f739da,SC133,1,307
5761,simple,34e810c6d127,SC134,1,290
5762,simple,379292d9b1f9,SC135,1,290
5763,simple,6c881910b9be,SC136,1,290
5764,simple,f9e0f4b71146,SC137,1,290
5765,simple,075d0c8ceaa6,SC164,1,248
5766,simple,092f57c6c6b1,SC166,1,248
5767,simple,b0ea80c86b32,SC110,1,449
5768,simple,a3d27b815831,SC80,1,283
5769,simple,54427bc7685c,SC194,1,260
5770,simple,add1a0f85d5c,SC195,1,260
5771,simple,27e505a62c7b,SC44,1,287
5772,simple,d97c2e9f8e62,SC49,1,298
5773,simple,15b7ced3c87a,SC54,1,474
5774,simple,acf5e10c9268,SC68,1,719
5775,simple,3a669f9b55b5,SC78,1,276
5776,simple,83bc2d7b6794,SC89,1,255
5777,simple,39ddc0c556ee,SC84,1,780
5778,simple,0b6bc9e83442,SC79,1,276
5779,simple,df231dbe2bfc,D32-CHB,1,469
5780,simple,ccaa1159957d,D39-CHB,1,465
5782,simple,827e5d5b9b56,D27-CHB,1,515
5783,simple,346783dad5e1,D319-CHB,0,101
5784,simple,fd78cacf1741,D318-CHB,0,101
5785,simple,84909896e62a,D70-CHB,0,210
5786,simple,7b813c197f7f,D108-CHB,1,127
5787,simple,c42e11356baa,D109-CHB,1,127
5788,simple,4e41bb43b932,D28-CHB,0,450
5789,simple,84498589281a,D31-CHB,0,419
5790,simple,007a2486aa2e,D71-CHB,0,210
5792,simple,b057bd9f6e15,D318-CHC,0,199
5793,simple,65f12fbd5ccf,D319-CHC,0,199
5794,simple,c973d51fca49,D70-CHC,1,168
5795,simple,09bc3b274929,D108-CHC,1,171
5796,simple,689e5636f105,D109-CHC,1,171
5797,simple,4a9c302102e6,D127-CHC,1,136
5798,simple,58050550a9aa,D71-CHC,0,168
5799,simple,b4aa34ef6a13,D40-CHC,1,178
5800,simple,862853810b62,D31-CHC,1,299
5801,simple,6902166a9b64,D32-CHC,1,299
5802,simple,300adca372ff,D39-CHC,1,289
5803,simple,865fac1dbf1e,D27-CHC,1,295
5804,simple,8e172a3ffd9d,D28-CHC,1,295
5805,simple,e7d4c9aff4e8,D46-CHC,0,129
5806,simple,bae0f2c12f91,D304-CHC,1,206
5807,simple,daba562b2cd8,D305-CHC,1,206
5811,simple,55f58b5acc1a,D47-CHC,0,159
5812,simple,4c89a2cd00d2,D47-CHB,0,109
5813,simple,ae394aa0d5da,D305-CHB,1,122
5814,simple,4cc752dab0e9,D304-CHB,1,122
5818,simple,d83dc3c6472a,D40CH9,1,1049
5819,simple,88f2972aeb07,D46CH5,1,423
5820,simple,d4afb9c0e45e,D47,1,543
5821,simple,44a2088d5480,D39CH9,1,1671
5827,simple,9a9067c5af8f,D318CH6,1,850
5828,simple,185f48c7983b,D319CH6,1,850
5832,simple,394b554dfb59,D304-7,1,980
5833,simple,7af26a557638,D305-7,1,980
5836,simple,c0c58515f189,D27CH9,1,1705
5837,simple,1f9cc2946e2f,D28CH9,1,1705
5838,simple,b0a59bb15878,D31CH9,1,1751
5839,simple,6be80f7dd982,D32CH9,1,1751
5840,simple,48fb9080bb3d,D39CH7,1,1707
5842,simple,998dc91cd9f7,D32CH7,1,1787
5843,simple,c83c35243c94,D304-6,1,896
5844,simple,3d833a76b08c,D305-6,1,896
5847,simple,697f0d6d4a4c,D27CH7,1,1779
5848,simple,f1a8528ecfb3,D28CH7,1,1779
5849,simple,15a5b24a04c1,D31CH7,1,1787
5851,simple,32abfd71b0a8,D47-CHT,1,275
5852,simple,0f71cd8d336b,D39-CHT,1,515
5853,simple,9457654c6047,D46-CHT,0,165
5854,simple,4e201ac54224,D128-CHT,1,375
5856,simple,08d42ff07a2e,D304-CHT,1,362
5859,simple,e9a163c3351d,D27-CHT,0,469
5860,simple,2195c50c1148,D31-CHT,0,499
5862,simple,f579229a8751,D116-B,1,128
5863,simple,62cac9967b3a,D303-B,1,113
5865,simple,a2699f398046,D499-B,0,81
5866,simple,0863495836af,D67-B,1,199
5867,simple,be6d07bb3254,D66-B,1,199
5868,simple,e894aa7750fc,D107-B,1,125
5869,simple,e54418713e99,D106-B,1,125
5870,simple,bd04ad604602,D317-B,0,97
5871,simple,da243b010aa1,D316-B,0,97
5872,simple,9d4c321ad1e4,D35B,0,375
5874,simple,8cdd14fd6263,D81-B,0,239
5875,simple,3e0c5f83940a,D82-B,0,239
5876,simple,ca035d3a5cac,D44-B,1,109
5877,simple,8ec77c2ad7a6,D122-B,1,169
5878,simple,f8c122658a21,D300-B,1,113
5880,simple,27f4461819b7,D21-B,1,165
5881,simple,7c9a48ef0656,D22-B,1,165
5882,simple,98cf522027d2,D25-B,0,400
5883,simple,6f01fd8f51fb,D26-B,0,400
5886,simple,e8f4796c82f0,D45-CHB,1,475
5887,simple,5225683493f4,D49-CHB,1,475
5888,simple,0b925c4df218,D97-CHB,1,475
5889,simple,92caf7d10505,D98-CHB,1,475
5890,simple,0406fd0b4ac7,D499-SC2,0,146
5891,simple,72ec28f139bf,D13-6SC60,0,2207
5892,simple,f70197dffc10,D13-6SC62,0,2207
5893,simple,4761335a601c,D13-8SC63,0,2643
5894,simple,e2b272355761,D13-8SC60,0,2643
5895,simple,31238c117915,D14-4SC34,1,1617
5896,simple,e0c4a0cdc086,D14-4SC35,1,1617
5897,simple,03a160b67f10,D13-6SC61,0,2207
5898,simple,5666a9e62c46,D13-6SC63,0,2207
5899,simple,405dd59da797,D13-8SC61,0,2643
5900,simple,34ddf07ffa0b,D13-8SC62,0,2643
5901,simple,3426914c314b,D14-4SC46,1,1353
5902,simple,e82282e4aa5e,D14-4SC36,1,1617
5903,simple,0ba9b48f77d1,D14-4SC45,1,1353
5904,simple,b0a1bb6f8583,D14-4SC48,1,1353
5905,simple,13a573dc7989,D16LS-4SC34,1,1762
5906,simple,2f5dc373e0d8,D16LS-4SC35,1,1762
5907,simple,92758492cc49,D14-4SC47,1,1353
5910,simple,be7f7c44d16a,D16LS-4SC36,1,1762
5912,simple,9aeed1b945ae,D221-6SC36,1,1732
5913,simple,8d98b75385b8,D221-6SC34,1,1732
5914,simple,75b0b0befa4e,D221-6SC35,1,1732
5915,simple,517e1e1a43c3,D17-4SC62,1,1531
5916,simple,8b1f4e8a5a5b,D17-4SC61,1,1531
5917,simple,5b5de5fd8e69,D17-4SC63,1,1531
5918,simple,00db065b1854,D22-6C-25C2,1,1385
5919,simple,7e169bcefede,D22-8D25SC,1,1655
5920,simple,218d76862afe,D21-8D26SC,1,1655
5921,simple,c0ee261e3337,D44D7,1,972
5922,simple,2ba26026de43,D25D9,1,1731
5923,simple,e618cd7fd716,D26D9,1,1731
5924,simple,e1a241b54084,D37D9,1,1691
5926,simple,8ba7f36a31ca,D44D6,1,862
5927,simple,8ec6d87d5d4e,D35D7,1,1753
5928,simple,1ed587aa82aa,D90CH7,1,1827
5929,simple,b05d481c4caf,D90CH9,1,1881
5931,simple,1b3821d6adfa,D91CH9,1,1881
5932,simple,7c7ec9cab3fe,D92D9,1,1967
5933,simple,cffb318ecbae,D118CH6,1,840
5935,simple,fe24a1e96b6f,D303-7,1,930
5936,simple,a80ff1e62268,D91CH7,1,1827
5937,simple,69740b9bb806,D118CH7,1,868
5938,simple,b1f2c30b2c5b,D300-7,1,930
5939,simple,7e7b131b646a,D873CH7,1,796
5943,simple,899cf36f0681,D874CH7,1,796
5944,simple,52e461eb7494,D875CH7,1,796
5945,simple,ca30c6d53b45,D01-6SC166,0,1423
5946,simple,dd034c5e6a61,D02-6SC161,0,1501
5947,simple,a6fddb88b7be,D02-6SC162,0,1501
5948,simple,3e2f3340358e,D03-8SC190,0,2923
5949,simple,249c4683efc1,D03-8SC193,1,2923
5952,simple,79b948d4edbe,D01-6SC165,0,1423
5953,simple,53d8d4b433a8,D01-6SC167,0,1423
5954,simple,74044c62dee9,D03-8SC192,1,2923
5955,simple,2e3bb2ca4d4b,D04-8SC197,0,3049
5956,simple,89b127322f40,D04-8SC194,0,3049
5957,simple,6d54abde2b74,D04-8SC195,0,3049
5959,simple,e1444ec85659,D01-6SC164,0,1423
5960,simple,cebd6438243f,D02-6SC163,0,1501
5962,simple,896f7ab55086,D02-6SC160,0,1501
5963,simple,302f72568680,D04-8SC196,0,3049
5964,simple,03431f271283,D01-6SC180,0,1501
5965,simple,e3d87f5cedcd,D02-6SC185,0,1642
5966,simple,724afbe7c5a9,D03D9-1A,1,2926
5967,simple,381e1ef6a26f,D03D7-1B,1,2490
5968,simple,6cebd1293331,D03D9-1D,1,2926
5969,simple,52c25d956b79,D03D9-1E,1,2926
5970,simple,d4515ea25a31,D03-8SC62,1,2643
5971,simple,197b35431f7b,D04D9-1B,0,3171
5972,simple,c5bceb8eef01,D10L-4SC160,1,1482
5973,simple,9e7ed33d5183,D03D7-1E,1,2490
5974,simple,7a3e8c865654,D03-8SC60,1,2643
5975,simple,0fac695cc292,D03-8SC63,1,2643
5976,simple,8a327fe527da,D10L-4SC161,1,1482
5977,simple,55601245825a,D01-6SC183,0,1501
5978,simple,b2b0929be176,D04D7-1C,0,2697
5979,simple,535e80fc6466,D04D7-1D,0,2697
5980,simple,06768d1e5709,D04D9-1A,0,3171
5981,simple,e76f245d92ce,D04-8SC54,0,2865
5982,simple,535e7ed28be0,D04-8SC56,0,2865
5983,simple,8bede1a476f3,D04-8SC57,0,2865
5984,simple,8aff5ef0134e,D10L-4SC163,1,1482
5985,simple,33066928bca4,D02-6SC184,0,1642
5986,simple,02ea7fde64eb,D02-6SC186,0,1642
5987,simple,12f4cb006126,D02-6SC187,0,1642
5988,simple,98ae9e1388ec,D01-6SC181,0,1501
5989,simple,487e3ac846ac,D01-6SC182,0,1501
5990,simple,510d1e4684a2,D03D9-1B,1,2926
5991,simple,5c4db79ead2b,D03D7-1A,1,2490
5992,simple,ae17574689db,D03D7-1D,1,2490
5993,simple,b92fd21b6f32,D04D7-1A,0,2697
5994,simple,2c4f30f47306,D04D7-1B,0,2697
5995,simple,dc4362a569fc,D04D9-1C,0,3171
5996,simple,24585a4c0c5b,D04-8SC55,0,2865
5997,simple,39fc9e03ee48,D04-8SC58,0,2865
5998,simple,6da195fc4270,D03-8SC59,1,2643
5999,simple,8b29e9c0f25d,D04D7-1E,0,2697
6000,simple,b19e016aa8a3,D04D9-1D,0,3171
6001,simple,3adbe9d431d2,D04D9-1E,0,3171
6002,simple,9163711dc52d,D10L-4SC162,0,1482
6003,simple,2728e1045757,D12D9-1C,1,3247
6004,simple,0c1db3fa2f0d,D10L-4SC55,1,1922
6005,simple,6cd7dc5cd083,D10L-4SC56,1,1922
6006,simple,6d02d66f0804,D10L-4SC111,1,1872
6007,simple,7474cd924f48,D17-4SC60,1,1531
6008,simple,dddab8d669a1,D10L-4SC112,1,1872
6009,simple,a9b5e55b337a,D300-SET-B,1,1374
6010,simple,62dbb04f1047,D12D9-1E,1,3247
6011,simple,fe052514ddee,D10L-4SC54,1,1922
6012,simple,05bce73ce379,D10L-4SC57,1,1922
6013,simple,1f88e1a542d0,D10L-4SC58,1,1922
6014,simple,0ee03deb755c,D10L-4SC113,1,1872
6015,simple,b8f846080d99,D12D9-1B,1,3247
6016,simple,fffedc56a3b1,D300-SET-F,1,1092
6017,simple,41dbf661c5d6,D12D9-1D,1,3247
6018,simple,72a1ca571b72,D10L-4SC110,1,1872
6019,simple,e649f55fd099,D12D9-1A,1,3247
6020,simple,42f565fd7e22,D10L-4SC197,1,3054
6021,simple,f276f74abdd9,D12-8SC55,1,2941
6022,simple,4476185b66d5,D10L-4SC196,1,3054
6023,simple,30d8386d61b7,D12-8SC57,1,2941
6024,simple,fe50e9cd1af7,D12-8SC54,1,2941
6025,simple,aeb53ad2fbeb,D12-8SC56,1,2941
6026,simple,b9d4d18f9df7,D12-8SC58,1,2941
6027,simple,f522bfea5545,D12-8SC76,1,2149
6028,simple,d0b8dde785f2,D12-8SC195,1,3125
6029,simple,05ae1bf525f7,D12-8SC196,1,3125
6030,simple,66d87dc8cdd6,D12-8SC161,1,2061
6031,simple,1bf20f1f3bd6,D12-8SC194,1,3125
6032,simple,f8baf7bcdd0f,D12-8SC77,1,2149
6033,simple,dba4c073eadf,D12-8SC162,0,2061
6034,simple,a1b49d69f1cb,D12-8SC163,1,2061
6035,simple,a042bfae87e2,D12-8SC78,1,2149
6036,simple,883901f6d7de,D12-8SC197,1,3125
6037,simple,2e8f6ea7bf18,D13D9-1A,0,2926
6038,simple,1a9125aafa40,D13-8SC193,0,2923
6039,simple,889818e4ef81,D13-8SC72,0,1919
6040,simple,8f928e8c23c1,D13-8SC190,0,2923
6041,simple,b96ca9a01bb8,D13D9-1E,0,2926
6042,simple,d9cbfa798db4,D13-8SC165,0,1891
6044,simple,28347225e38e,D13D9-1C,0,2926
6045,simple,b54bc9c7b660,D13-8SC70,0,1919
6046,simple,3d7c590ed278,D13-8SC71,0,1919
6047,simple,cf8962c06aa3,D13-8SC164,0,1891
6048,simple,63765bfaa694,D13-8SC191,0,2923
6049,simple,6f9ecdd34a0e,D13-8SC192,0,2923
6050,simple,ff9d930b9869,D13D9-1B,0,2926
6051,simple,562a65b7944e,D13D9-1D,0,2926
6052,simple,e2da131203de,D61-4SC57,1,1237
6053,simple,90ab3ad6e0dd,D61-4SC110,1,1187
6054,simple,343837f4167a,D214-4SC113,1,1313
6055,simple,8cf84e251e81,D214-4SC76,1,967
6056,simple,1a12645e0ee6,D214-4SC78,1,967
6057,simple,ed150cb956a6,D61-4SC113,1,1187
6058,simple,44efb428c2fe,D61-4SC120,1,987
6059,simple,0f37779b8a99,D61-4SC142,1,791
6060,simple,a1d8df730937,D214-4SC112,1,1313
6061,simple,4925c4d986b5,D214-4SC161,1,923
6062,simple,f1c1f478e242,D61-4SC54,1,1237
6063,simple,0b1e18c024d5,D61-4SC55,1,1237
6064,simple,11573e33447e,D214-4SC77,1,967
6065,simple,75ce714def59,D61-4SC111,1,1187
6066,simple,4b5c0af14f60,D61-4SC112,1,1187
6067,simple,63cf6ae7cb81,D61-4SC121,1,987
6068,simple,cdafdc28dff8,D61-4SC140,1,791
6069,simple,5d2e04070311,D214-4SC110,1,1313
6070,simple,7aa6e619547a,D214-4SC74,1,967
6071,simple,2f4dd732138c,D214-4SC75,1,967
6072,simple,b5572763f50b,D61-4SC56,1,1237
6073,simple,984dd7a89558,D61-4SC141,1,791
6074,simple,7160b5f88940,D214-4SC111,1,1313
6075,simple,868a5745d631,D33,0,1027
6076,simple,0d4a0bdb42ab,D34,0,1027
6077,simple,1838ee1b7008,D35D9,1,1731
6082,simple,f2ccba9c0f8c,D81D7,1,1609
6084,simple,8cdf565d767f,D82D7,1,1609
6086,simple,2b18b6c3dae8,D116D6,1,812
6087,simple,1dfa27e2e49a,D116D7,1,847
6088,simple,d18572b34389,D122D6,1,1306
6091,simple,a79db194f797,D14,1,1617
6106,simple,16ba6d017c2f,D21D9,1,1295
6107,simple,e4ee34ba8fd7,D22D9,1,1295
6108,simple,063ee8990bf1,D21-6C-26C2,1,1385
6125,simple,57e5c722ad9c,D52,1,631
6126,simple,7612a748104c,D55,1,631
6127,simple,b6597891fd80,D56,1,636
6128,simple,0ded0043991e,D57,1,636
6129,simple,964825402a5c,D58,1,691
6130,simple,5d2c20b1901e,D59,1,691
6131,simple,7f6c858ff712,D61,1,695
6132,simple,d4674bd77732,D62,1,695
6133,simple,ebcfa015403c,D212-6SC60,1,1693
6134,simple,51d5c34500b5,D212-6SC61,1,1693
6135,simple,e7faba7da928,D212-6SC62,1,1693
6136,simple,b5f95a0f5575,D212-6SC63,1,1693
6137,simple,463968c1de6b,D212-4SC60,1,1257
6138,simple,e1c9e3791d97,D212-4SC61,1,1257
6139,simple,ea15ad23a4f9,D212-4SC62,1,1257
6140,simple,5b91670c118f,D212-4SC63,1,1257
6141,simple,6dd0f0d9011b,D212-6SC45,1,1246
6142,simple,8a15f13138db,D212-6SC46,1,1246
6143,simple,e5e489e75535,D212-6SC47,1,1246
6144,simple,dc8c90de40f7,D212-6SC48,1,1246
6149,simple,32a5c856f94f,D212-4SC124,1,1049
6150,simple,06190bf4c989,D212-4SC125,1,1049
6151,simple,c08c1ff2b5aa,D212-4SC126,1,1049
6152,simple,5ebe3131999c,D212-4SC127,1,1049
6153,simple,53bc1f5e8e9c,D212-4SC134,1,965
6154,simple,f5c822fa5c9f,D212-4SC135,1,965
6155,simple,da5216fb72a4,D212-4SC136,1,965
6156,simple,5f8a849ffde2,D212-4SC137,1,965
6157,simple,f5f96dfd80fd,D212-4SC144,0,851
6158,simple,00de37bb7e93,D212-4SC145,1,851
6159,simple,def2e66308bb,D212-4SC146,1,851
6160,simple,65b737f2c77e,D212-4SC147,1,851
6161,simple,3b2a1bdbe55d,D212-4SC164,1,881
6162,simple,9876e0d9f0a6,D212-4SC165,1,881
6163,simple,b21c5dfe15f4,D212-4SC166,1,881
6164,simple,01c09bb3727f,D212-4SC167,1,881
6166,simple,4d0e6af18801,D52-4SC34,1,1097
6167,simple,ff79e5321902,D52-4SC35,1,1097
6168,simple,f991831627b4,D52-4SC36,1,1097
6169,simple,cbaebeff3c1e,D52-4SC45,1,833
6170,simple,2a70e7a8ee16,D52-4SC46,1,833
6171,simple,65ee21697461,D52-4SC47,1,833
6172,simple,e2d236faa0fe,D52-4SC48,1,833
6173,simple,1ef37497e0e0,D52-4SC60,1,1131
6174,simple,075f46ed5dbf,D52-4SC61,1,1131
6175,simple,0fde65aae67a,D52-4SC62,1,1131
6176,simple,81b8961b7c7d,D52-4SC63,1,1131
6177,simple,93e3cdc6626c,D52-4SC70,1,769
6178,simple,d5274cf591e5,D52-4SC71,1,769
6179,simple,fb8b051d8659,D52-4SC72,1,769
6180,simple,45a5fa6c148a,D52-4SC73,1,769
6181,simple,c25141a18340,D52-4SC124,1,923
6182,simple,84e76bf4feae,D52-4SC125,1,923
6183,simple,8f7957e218f7,D52-4SC126,1,923
6184,simple,107dc03108ac,D52-4SC127,1,923
6185,simple,be27850fa2b5,D52-4SC134,1,839
6186,simple,e72eb48f5187,D52-4SC135,1,839
6187,simple,70e7657f53c9,D52-4SC136,1,839
6188,simple,1d07b2b27d77,D52-4SC137,1,839
6189,simple,c4d55b203faf,D52-4SC144,0,725
6190,simple,817646f505ce,D52-4SC145,1,725
6191,simple,8.11E+11,D52-4SC146,1,725
6192,simple,8d6a43d7674a,D52-4SC147,1,725
6197,simple,b327ea1d67f7,D52-4SC164,1,755
6198,simple,904893fe3ddc,D52-4SC165,1,755
6199,simple,3c97bf46c911,D52-4SC166,1,755
6200,simple,4aec6a3cd59d,D52-4SC167,1,755
6201,simple,23ceff023eb6,D221-4SC45,1,1049
6202,simple,c64a3eaf1111,D221-4SC46,1,1049
6203,simple,abd5233dcf34,D221-4SC47,1,1049
6204,simple,5bc1661617c8,D221-4SC48,1,1049
6205,simple,604c2764019b,D221-6SC45,1,1336
6206,simple,b5f3b56430dc,D221-6SC46,1,1336
6207,simple,38e062558f4b,D221-6SC47,1,1336
6208,simple,13aeb866d31a,D221-6SC48,1,1336
6209,simple,a673e5e287a2,D221-SET-A1,1,1468
6210,simple,0dd346ac4a5c,D221-SET-A2,1,1468
6211,simple,69d92febeaf7,D221-SET-A3,1,1468
6212,simple,99ae120e5c72,D221-SET-A4,1,1468
6213,simple,c8e3cccd69f1,D221-4SC144,0,941
6214,simple,fdee5dbaeda4,D221-4SC145,1,941
6215,simple,98fd34d56eb4,D221-4SC146,1,941
6216,simple,e1e33f6bd907,D221-4SC147,1,941
6217,simple,663bcc734cc8,D221-4SC164,1,971
6218,simple,c417c854b7cb,D221-4SC165,1,971
6219,simple,5a5ca3398ee8,D221-4SC166,1,971
6220,simple,ebf986d14a21,D221-4SC167,1,971
6221,simple,b47246341d20,D221-4SC134,1,1055
6222,simple,50efd132ea70,D221-4SC135,1,1055
6223,simple,04560128c846,D221-4SC136,1,1055
6224,simple,977b5db3dee0,D221-4SC137,1,1055
6225,simple,f7c94c7c9438,D221-4SC60,1,1347
6226,simple,5dbf2fdfee04,D221-4SC61,1,1347
6227,simple,aa5e79b72c43,D221-4SC62,1,1347
6228,simple,96ed76c43d63,D221-4SC63,1,1347
6229,simple,546e35fb866e,D221-4SC124,1,1139
6230,simple,72efca45119a,D221-4SC125,1,1139
6231,simple,1dbebc5cc578,D221-4SC126,1,1139
6232,simple,eee21e863bea,D221-4SC127,1,1139
6235,simple,da9fea39fba7,D873CH6,1,724
6236,simple,d4eeb71532e4,D874CH6,1,724
6237,simple,93d842c2e1d8,D875CH6,1,724
6238,simple,821817fe3abe,D45CH9,1,1749
6239,simple,f87d406135a4,D49CH9,1,1749
6240,simple,0c50c9491d34,D45CH7,1,1793
6241,simple,e068140acef0,D49CH7,0,1793
6242,simple,be0b75f6d72e,D97CH9,1,1749
6243,simple,92d506c9db10,D98CH9,1,1749
6244,simple,a17448c82eca,D97CH7,1,1793
6245,simple,713dbc78fd47,D98CH7,1,1793
6249,simple,8b5b5a384946,D316D6,1,809
6251,simple,26e1df0e058d,D300-SET-H,1,1006
6252,simple,6afe37eac5a3,D303-SET-H,1,1006
6253,simple,d497e248ffa2,D300-SET-D,1,1147
6254,simple,1ace19d3ebab,D303-SET-D,1,1147
6255,simple,a9295360986d,D303-SET-F,1,1092
6256,simple,7a087b750a65,D303-SET-B,1,1374
6257,simple,f0fb8558cb42,D93D9,1,1967
6258,simple,d85a47bdac7f,D92-2A-4SC,1,1668
6259,simple,68692acf1d7a,D93-2A4SC,1,1668
6260,simple,1e2e2808d508,D92-8SC,1,1781
6261,simple,56cdc0bfbce8,D93-8SC,1,1781
6262,simple,cc56041c7037,D92-6SC,1,1482
6263,simple,98e0a57a5662,D93-6SC,1,1482
6264,simple,f3d82cdfbc76,D136D5,1,434
6265,simple,d25b6c930a77,D137D5,1,434
6266,simple,da32ba44f981,D138D5,1,470
6267,simple,fe9333e45487,D139D5,1,470
6268,simple,e87e6acdd04f,D58-4SC54,1,1233
6269,simple,1360de9cd906,D58-4SC55,1,1233
6270,simple,98181f4b36b3,D58-4SC56,1,1233
6271,simple,0c0e2580c6ff,D58-4SC57,1,1233
6272,simple,c1ae8c4769a4,D58-4SC74,1,837
6273,simple,92305d25ef8a,D58-4SC75,1,837
6274,simple,dc0941eab99a,D58-4SC76,1,837
6275,simple,f6dcb6bbecce,D58-4SC78,1,837
6276,simple,070d50336f32,D58-4SC79,1,837
6277,simple,d463a4a5ee4b,D58-4SC110,1,1183
6278,simple,6e468dcfb131,D58-4SC111,1,1183
6279,simple,c6c8dbf56889,D58-4SC112,1,1183
6280,simple,f3f82aa1053d,D58-4SC113,1,1183
6281,simple,424810853e6e,D58-4SC115,1,893
6282,simple,ac03b08900a1,D58-4SC116,1,893
6283,simple,cd7daf081a09,D58-4SC117,1,893
6284,simple,6a04889038a6,D58-4SC118,1,893
6285,simple,0074c58c80ec,D58-4SC120,1,983
6286,simple,95c7e4503ead,D58-4SC121,1,983
6287,simple,3101dc4684bf,D58-4SC122,1,983
6288,simple,2762dcf98f0d,D58-4SC123,1,983
6289,simple,c644e17050b8,D58-4SC130,1,899
6290,simple,d5c3658e38f8,D58-4SC131,1,899
6291,simple,361e874de6eb,D58-4SC132,1,899
6292,simple,66eef6752c16,D58-4SC133,1,899
6293,simple,9ea2a16c1ae2,D58-4SC140,1,787
6294,simple,1ca1d7b2f1e2,D58-4SC141,1,787
6295,simple,ab847a1dd185,D58-4SC142,1,787
6296,simple,423ae8531d4d,D58-4SC143,1,787
6301,simple,71ed84867f11,D58-4SC160,1,793
6302,simple,380ee4a12592,D58-4SC161,1,793
6303,simple,6ffd1f21f669,D58-4SC162,0,793
6304,simple,40776cd22e00,D58-4SC163,1,793
6305,simple,312cd0507c55,D66D7,1,805
6307,simple,9b54d409a6d2,D66D6,1,847
6308,simple,489219f97c9b,D67D6,1,847
6309,simple,661618525f0b,D70CH7,1,850
6312,simple,7a20111e4a48,D71CH6,0,892
6313,simple,49d994d6b49f,D106D7,1,798
6314,simple,a9bda4464c9b,D107D7,1,798
6315,simple,4262f40d33ca,D106D6,1,763
6316,simple,3d475da382c7,D107D6,1,763
6317,simple,413d7ee2f5df,D108CH7,1,851
6318,simple,eae89e77582a,D109CH7,1,851
6319,simple,b45b77ff8a9a,D108CH6,1,807
6320,simple,5b0a5f3e2c70,D109CH6,1,807
6321,simple,20693d013bf8,D56-4D14C,1,1102
6322,simple,140a001f4a27,D56-4SC34,1,1102
6323,simple,706ef7814017,D56-4SC35,1,1102
6324,simple,16bba2ff0c0d,D56-4SC36,1,1102
6325,simple,dae25b629a28,D56-4SC44,1,838
6326,simple,ce892f625940,D56-4SC45,1,838
6327,simple,953e01cb8d7c,D56-4SC46,1,838
6328,simple,0eb269099cee,D56-4SC47,1,838
6329,simple,1bd833298674,D56-4SC48,1,838
6330,simple,c77dd441a50a,D56-4SC59,1,1136
6331,simple,aad534b792d0,D56-4SC60,1,1136
6332,simple,eb4fbcf4b3f4,D56-4SC61,1,1136
6333,simple,01f6d25f3e3d,D56-4SC62,1,1136
6334,simple,10ddbdb24193,D56-4SC69,1,774
6335,simple,86855e4a8567,D56-4SC70,1,774
6336,simple,0f8c62561fb8,D56-4SC71,1,774
6337,simple,f7882cbf9faa,D56-4SC72,1,774
6338,simple,6ecf9b73abb3,D56-4SC89,1,774
6339,simple,11c5abd36c9d,D56-4SC124,1,928
6340,simple,05b1ef9c2cbc,D56-4SC125,1,928
6341,simple,d6c0f242b339,D56-4SC126,1,928
6342,simple,079dc8aa0a72,D56-4SC127,1,928
6343,simple,7ede156d91b4,D56-4SC134,1,844
6344,simple,4efee69286f1,D56-4SC135,1,844
6345,simple,2d49edb60fa5,D56-4SC136,1,844
6346,simple,ce0ba8b284d1,D56-4SC137,1,844
6347,simple,d87a501e9562,D56-4SC144,0,730
6348,simple,03346982fa8b,D56-4SC145,1,730
6349,simple,c8ac5899d0b5,D56-4SC146,1,730
6350,simple,ad5d4cbea6b1,D56-4SC147,1,730
6355,simple,e470af12b4e8,D56-4SC164,1,760
6356,simple,04bfe2964a48,D56-4SC165,1,760
6357,simple,841ecd857c1c,D56-4SC166,1,760
6358,simple,277ec007a191,D56-4SC167,1,760
6359,simple,cddc3b7af85c,D61-4SC115,1,897
6360,simple,ecd16dc725e0,D61-4SC116,1,897
6361,simple,691b425ac7d9,D61-4SC117,1,897
6362,simple,0cce31959a90,D61-4SC118,1,897
6363,simple,3ce7d89dae53,D61-6SC54,1,1711
6364,simple,292ff34cee04,D61-6SC55,1,1711
6365,simple,f1ee0d6d36ed,D61-6SC56,1,1711
6366,simple,3a60220e70f2,D61-6SC57,1,1711
6367,simple,e2e2c6a26467,D61-4SC74,1,841
6368,simple,59580f91b3c7,D61-4SC75,1,841
6369,simple,3f3f2ef6cd5f,D61-4SC76,1,841
6370,simple,419d59ce539d,D61-4SC78,1,841
6371,simple,f0a321ec0a28,D61-4SC79,1,841
6372,simple,66668da5a879,D61-6SC74,1,1117
6373,simple,3452df8b3381,D61-6SC75,0,1117
6374,simple,12b6348fa2bf,D61-6SC76,1,1117
6375,simple,7067330057d2,D61-6SC78,1,1117
6376,simple,c21b7da0e892,D61-6SC79,1,1117
6377,simple,300f46ca2a6c,D61-4SC122,1,987
6378,simple,586859fe8575,D61-4SC123,1,987
6379,simple,bbd2a1fd3868,D61-4SC130,1,903
6380,simple,d4d0856e8fdc,D61-4SC131,1,903
6381,simple,36c197925746,D61-4SC132,1,903
6382,simple,b52ca87305c5,D61-4SC133,1,903
6383,simple,f806890c22c9,D61-4SC143,1,791
6388,simple,33c84ebe1a92,D61-4SC160,1,797
6389,simple,6ec994701872,D61-4SC161,1,797
6390,simple,b566ab7fb03b,D61-4SC162,0,797
6391,simple,97d8c671e086,D61-4SC163,1,797
6392,simple,15bf50c8758d,D499D7,1,713
6393,simple,fa417eb5788b,D499D6,1,648
6394,simple,a6e3b8e23326,D03D9-1C,1,2926
6395,simple,7d13f91a5bf2,D03D7-1C,1,2490
6396,simple,b7f2f7915b98,D03-8SC61,1,2643
6397,simple,53d0995fe029,D03-8SC191,1,2923
6398,simple,261c86ccee43,D222-4SC115,1,1107
6399,simple,b491e26fb5b9,D222-4SC116,1,1107
6400,simple,e8dbe0cd488d,D222-4SC117,1,1107
6401,simple,23fe4b9fa02e,D222-4SC118,1,1107
6406,simple,0ff74ce4b348,D222-6SC115,1,1411
6407,simple,2ee0e02de48a,D222-6SC116,1,1411
6408,simple,c0c50e8b38a8,D222-6SC117,1,1411
6409,simple,bb45eb9f8633,D222-6SC118,1,1411
6410,simple,d345ff617f37,D222-4SC54,1,1447
6411,simple,e309ce09d305,D222-4SC55,1,1447
6412,simple,750f76855d90,D222-4SC56,1,1447
6413,simple,78cf1ca5d56f,D222-4SC57,1,1447
6414,simple,2793bcabeb77,D222-4SC58,1,1447
6415,simple,bd2e080c78de,D222-4SC120,1,1197
6416,simple,b75060ae9f29,D222-4SC121,1,1197
6417,simple,ac5e6effd7a2,D222-4SC122,1,1197
6418,simple,92dc2f4ecc97,D222-4SC123,1,1197
6419,simple,0a11fb911dd7,D222-4SC130,1,1113
6420,simple,9ae756d91263,D222-4SC131,1,1113
6421,simple,d42d6f8c9036,D222-4SC132,1,1113
6422,simple,78d0787aa7ee,D222-4SC133,1,1113
6423,simple,8d23bf1b0d6f,D222-4SC140,1,1001
6424,simple,a2ffa9fb6714,D222-4SC141,1,1001
6425,simple,f576697ed446,D222-4SC142,1,1001
6426,simple,d03c884fb3f4,D222-4SC143,1,1001
6427,simple,f5a70cece31e,D222-4SC160,1,1007
6428,simple,dccaa1b40533,D222-4SC161,1,1007
6429,simple,d0366c72ba1a,D222-4SC162,0,1007
6430,simple,5b440393ace8,D222-4SC163,1,1007
6431,simple,98c5fa51409f,D12-8SC160,1,2061
6432,simple,199059f3d86a,D12-8SC74,1,2149
6433,simple,53fdab6b8d70,D12-8SC75,0,2149
6434,simple,ae9268a518f9,D12-8SC79,1,2149
6435,simple,87e1e7c911e1,D13-8SC167,0,1891
6436,simple,af6a01496589,D13-8SC69,0,1919
6437,simple,7da8935e1357,D13-8SC73,0,1919
6438,simple,e16b8ada71c2,D13-8SC89,0,1919
6439,simple,8830b490bd86,D120D5,1,993
6440,simple,5be4ea1a5499,D121D5,1,993
6441,simple,abb754608a11,D120D7,1,1232
6442,simple,217982f5e38a,D121D7,1,1232
6443,simple,9d50a7f3f92f,D52-4D120SC,1,737
6444,simple,ed39f7afd49d,D52-4D121SC,1,737
6445,simple,87ab9b08d030,D56-4D120SC,1,742
6446,simple,c4fc231fb8b1,D56-4D121SC,1,742
6447,simple,6e68e9262b32,D56-6D120SC,1,981
6448,simple,adb62ab4b34f,D56-6D121SC,1,981
6449,simple,48d61a3133fb,D58-4SC175,1,783
6450,simple,03745493dffb,D58-4SC176,1,783
6451,simple,32c536355cbe,D61-4SC175,1,787
6452,simple,1a6c3a282a90,D61-4SC176,1,787
6453,simple,5b88e7745ece,D61-6SC175,1,1036
6454,simple,6dc6ca97d188,D61-6SC176,1,1036
6455,simple,4046e142a99e,D16L-4SC59,1,1796
6456,simple,2b3350917691,D16L-4SC60,1,1796
6457,simple,29ad1a61d7e6,D16L-4SC61,1,1796
6458,simple,25952fb92ea4,D16L-4SC62,1,1796
6459,simple,44702ef3275b,D16L-4SC63,1,1796
6460,simple,d98a6e2f407e,D16L-4SC164,1,1420
6461,simple,df36433a4b6a,D16L-4SC165,1,1420
6462,simple,f4d603264adc,D16L-4SC166,1,1420
6463,simple,7222f4dd4924,D16L-4SC167,1,1420
6464,simple,755c8fe1c32c,D16L-4SC190,1,1936
6465,simple,649758428ac6,D16L-4SC191,1,1936
6466,simple,584b4415f1d7,D16L-4SC192,1,1936
6467,simple,e176fea7b004,D16L-4SC193,1,1936
6468,simple,ffb5bf9be28f,D10L-4SC194,1,3054
6469,simple,25392a7d5ca9,D10L-4SC195,1,3054
6470,simple,8d078585f709,D212-6SC164,1,1129
6471,simple,e683cd94e4ae,D212-6SC165,1,1129
6472,simple,a03d065a01a2,D212-6SC166,1,1129
6473,simple,1f77c41e39d5,D212-6SC167,1,1129
6474,simple,29298b407be5,D212-4SC190,1,1397
6475,simple,6e8afc73566a,D212-4SC191,1,1397
6476,simple,8ce22b2255c1,D212-4SC192,1,1397
6477,simple,942c2990c9b6,D212-4SC193,1,1397
6478,simple,60de3ffec72a,D212-6SC190,0,1903
6479,simple,8ad74ba96b17,D212-6SC191,1,1903
6480,simple,676405cfdcfa,D212-6SC192,1,1903
6482,simple,d9c4ed55c5a2,D214-4SC160,1,923
6483,simple,e4be4bc7fdd5,D214-4SC162,0,923
6484,simple,e18cc0b01fa3,D214-4SC163,1,923
6485,simple,94c719b7f466,D214-6SC160,1,1177
6486,simple,2b29c5648790,D214-6SC161,1,1177
6487,simple,1d2899bdcb4d,D214-6SC162,0,1177
6488,simple,993ea6f14cc6,D214-6SC163,1,1177
6489,simple,380434d8b468,D214-4SC194,1,1455
6490,simple,57c14c7d17db,D214-4SC195,1,1455
6491,simple,5ab1f550bd77,D214-4SC196,1,1455
6492,simple,5d77016a8c12,D214-4SC197,1,1455
6493,simple,5d33829165e3,D214-6SC194,1,1975
6494,simple,f11ea7c60338,D214-6SC195,1,1975
6495,simple,69d883d0e667,D214-6SC196,1,1975
6496,simple,438ca7b1a098,D214-6SC197,1,1975
6497,simple,2b6e227cd059,D214-6SC110,1,1762
6498,simple,e2b547f99889,D214-6SC111,1,1762
6499,simple,18e83319dad4,D214-6SC112,1,1762
6500,simple,aac4e4805063,D214-6SC113,1,1762
6501,simple,29a86beb800b,D214-4SC79,1,967
6502,simple,7fbcd30277d0,D214-6SC74,1,1243
6503,simple,30a06615c99b,D214-6SC75,0,1243
6504,simple,40413dedd1ad,D214-6SC76,1,1243
6505,simple,3e959cd85e82,D214-6SC77,1,1243
6506,simple,91a8bd5eb518,D214-6SC78,1,1243
6507,simple,2850995f72f4,D214-6SC79,1,1243
6508,simple,a6f992d5d42f,D214-DT,0,415
6509,simple,c661aa2d0bde,D22-B-5D25C,1,1417
6510,simple,53647a4078d4,D21-B-5D26C,1,1417
6511,simple,dcde87710789,D21D7,1,1167
6512,simple,955c992b639c,D22D7,1,1167
6513,simple,94c48b78fda4,D26D7,1,1787
6514,simple,37e21c200d29,D303-6,1,851
6515,simple,5da583d21664,D300-6,1,851
6518,simple,48e2d471e9e2,D25D7,1,1787
6519,simple,7ef16fd3cdd9,D37D7,1,1757
6521,simple,7a0d5d453967,D14-DT,1,779
6522,simple,e890a049ddb2,D61-DT,1,289
6523,simple,6fefccb40faf,D58-DT,1,285
6524,simple,228788967acf,D21-DT,1,499
6525,simple,049fbcd8f37c,D44-DT,1,315
6526,simple,5f4ff8e35198,D42-DT,0,529
6527,simple,d72f8ec6b4b0,D37DT,0,519
6528,simple,2511708a0208,D92-DT,1,585
6531,simple,5c7efba67997,D118-CHT,1,358
6532,simple,7ae8abe46964,D116-DT,1,358
6533,simple,7c52f54bf5a7,D122-DT,1,599
6534,simple,3355f3eef798,D300-DT,1,354
6536,simple,fadcf64dd5ba,D03-DT,1,899
6537,simple,4aaf919a7812,D01-DT,0,679
6538,simple,13a10f60a1b2,D12-DT,1,1045
6540,simple,554930a075e9,D120-DT,1,515
6541,simple,dc6d05ad8623,D106-DT,1,318
6542,simple,b179048b0e04,D45-CHT,1,569
6543,simple,c12f86b85135,D66-DT,1,335
6545,simple,c0f93800a1ef,D70-CHT,1,346
6546,simple,ff31cba26c57,D108-CHT,1,338
6548,simple,82c20a7bda5c,D10-DTL,1,974
6549,simple,2df24e882b0d,D33DT,0,469
6550,simple,43f28470979a,D35DT,1,615
6551,simple,513f042806d2,D81-DT,0,489
6552,simple,a1f116500848,D16-DT,0,1
6553,simple,76a55bc706f9,D25DT,1,575
6555,simple,0f2cd4ccf04d,D52-DT,1,259
6556,simple,6755d86ca9c4,D56-DT,1,265
6558,simple,ed0181fa7038,D97-CHT,1,569
6561,simple,0b0b678e180f,D02-DT,0,739
6562,simple,737cb8267067,D04-DT,0,969
6563,simple,0859849bbdeb,D18-DT,1,699
6564,simple,28da128dc26a,D16-DTL,1,924
6565,simple,0849d5b045ed,D16-DT-LS,0,1
6566,simple,d5c20b070482,SC34,1,419
6567,simple,41080a03a6fe,SC35,1,419
6568,simple,5b0a5750372b,SC36,1,419
6569,simple,ffdd1e6ecd4e,D14-SC,1,419
6570,simple,e46bbe0fecf2,D42-SC,1,319
6571,simple,50bd702c18f0,D44-SC,1,219
6573,simple,83f09fa0f6ae,D122-SC,1,269
6574,simple,6fe5f1f3e8f9,D116-SC,0,155
6575,simple,844f565f76ec,D124-SC,1,94
6577,simple,c599c0249bb8,SC299,1,340
6578,simple,4ee6c03d2cfe,SC302,1,340
6579,simple,1447ecb90242,D106-SC,1,160
6580,simple,caec0732404c,D107-SC,1,160
6581,simple,0d8657dd69c9,D66-SC,1,157
6582,simple,f4d4776e04d1,D67-SC,1,157
6587,simple,611d5e291ba8,D137-SC2,1,139
6588,simple,ad3e9d719a38,D136-SC2,1,139
6589,simple,d6fe986ee70a,D138-SC2,1,149
6590,simple,cbeb819ae9f9,D35SC-2,0,240
6592,simple,cc4ffbc1a9fc,D81-SC2,1,315
6593,simple,4aa4bdb98257,D82-SC2,1,315
6597,simple,4f212221ca2c,SC38,1,209
6599,simple,e91c6c0e841d,D21-SC2,0,1
6600,simple,8a218f20b4c8,D22-SC2,1,199
6601,simple,9aaee6720c67,D25-SC1,1,175
6602,simple,79bc7242c074,D26-SC2,0,265
6603,simple,9f03dbdb6700,D37-SC2,1,279
6604,simple,625b19251b42,D38-SC2,1,69
6606,simple,95166d50c679,D137-SC4,1,269
6607,simple,38fdd989521c,D138-SC4,1,295
6608,simple,3a6af0a84c46,D136-SC4,1,269
6609,simple,68a76da59558,D139-SC4,1,295
6610,simple,8ce00740be4f,D35SC-1,0,139
6612,simple,cb018e33ba7d,D81-SC1,0,175
6613,simple,88ad2f2fc028,D82-SC1,0,175
6615,simple,05f3193399df,D806-SC1,1,41
6616,simple,3ac45fe36bba,D303-SC,1,192
6617,simple,9f76e1989996,D300-SC,1,192
6618,simple,7f9e52c734e4,D316-SC,0,185
6619,simple,b77990f42e37,D317-SC,0,185
6631,simple,e3b4ba68ed2d,B811Q4,1,1718
6636,simple,c8168fedf4ad,"(Madelyn) MAD-DR",0,372
6649,simple,0de1087f25d6,D115-DT,1,358
6655,simple,8905b2035bde,AC68,1,524
6659,simple,6f727bfc96e3,D49-CHC2,1,295
6667,simple,2e97d0f8dbc8,D45-CHC2,1,295
6669,simple,1a63d4636730,D41D9,0,1805
6670,simple,0930a2ffad7c,D41-B,1,435
6675,simple,51d059521bda,D41D7B,0,1797
6676,simple,2e1683e0d93b,D45-CH7B,1,1793
6691,simple,7b84477df064,D136-DT,1,165
6694,simple,c1368584ccb8,D317D6,1,525
6702,simple,f86a7aceedcb,D138-DT,1,175
6704,simple,f5534032edc1,D11-6SC163,1,1607
6705,simple,49ba4ead5a8e,D17-4SC165,1,1155
6706,simple,dc72becbac3d,D17-4SC167,1,1155
6707,simple,c6e772cdc64f,D17-4SC36,1,1497
6708,simple,22d085c4ff2e,D17-4SC71,1,1169
6709,simple,c3515918f17f,D11-6SC161,1,1607
6710,simple,2480d7a25667,D11-6SC162,0,1607
6711,simple,429bfc4ecb0e,D17-4SC34,1,1497
6712,simple,436b68930308,D17-4SC70,1,1169
6713,simple,8bb13e3bdb5d,D17-4SC164,1,1155
6714,simple,b2c3b1fbc393,D17-4SC166,1,1155
6715,simple,66b173af2e3e,D17-4D14C,1,1497
6716,simple,2eaf7eaf58a0,D17-4SC35,1,1497
6717,simple,480d758d255a,D17-4SC69,1,1169
6718,simple,44009b3de773,D17-4SC72,1,1169
6719,simple,40b6ba43d309,D18-4SC111,1,1597
6720,simple,c30240de7ab2,D18-4SC78,1,1251
6721,simple,4adc8ff2f662,D18-4SC163,1,1207
6722,simple,d36b79482621,D18-4SC110,1,1597
6723,simple,c5ab77e5f45b,D18-4SC113,1,1597
6724,simple,fd82f3aa0604,D18-4SC161,1,1207
6725,simple,9331f5774dc1,D18-4SC57,1,1647
6726,simple,ee1f90424119,D18-4SC75,1,1251
6727,simple,28cd27cfc88e,D18-4SC56,1,1647
6728,simple,0f8843d0bf2b,D18-4SC58,1,1647
6729,simple,8c7161bf7768,D18-4SC76,1,1251
6730,simple,cd3cbe7db75a,D18-4SC162,0,1207
6731,simple,47a839daceee,D18-4SC54,1,1647
6732,simple,c332f0f654f4,D18-4SC55,1,1647
6733,simple,e727cb828318,D18-4SC74,1,1251
6734,simple,ad2a6fe9a952,D18-4SC77,1,1251
6735,simple,0ce8cf5a7533,D18-4SC112,1,1597
6736,simple,0dfe302c1702,D18-4SC160,1,1207
6737,simple,263d0f45c619,D11-6SC77,1,1673
6738,simple,2b44753dfc13,D11-4SC111,1,1743
6739,simple,99f10de5b796,D11-4SC112,1,1743
6740,simple,2dd9e4f3c433,D11-4SC185,1,1447
6741,simple,439d145d13a5,D11-4SC76,1,1397
6742,simple,b61677a32874,D11-4SC110,1,1743
6743,simple,f69b10f5a403,D11-4SC113,1,1743
6744,simple,852b67a85ea0,D11-4SC196,1,1885
6745,simple,4be4fdbcd706,D11-6SC110,1,2192
6746,simple,1db11ecafdf1,D11-4SC78,1,1397
6747,simple,2fb1ff65caa2,D11-6SC112,1,2192
6748,simple,a2d1ea51f4ae,D11-4SC186,1,1447
6749,simple,e7eba79176a4,D11-4SC187,1,1447
6750,simple,88c47ea5601b,D11-4SC77,1,1397
6751,simple,4771c83362de,D11-6SC196,1,2405
6752,simple,64f61f007b95,D11-6SC76,1,1673
6753,simple,32bda0f6fe99,D11-6SC78,1,1673
6754,simple,6dd63712edcd,D11-6SC184,1,1748
6755,simple,939f35a16aea,D11-4SC197,1,1885
6756,simple,8aebafc5d727,D11-6SC197,1,2405
6757,simple,c605ddc90fd8,D11-4SC184,1,1447
6758,simple,9facbc0d262f,D11-6SC185,1,1748
6759,simple,79b297675bea,D11-6SC186,1,1748
6760,simple,73b58459e272,D11-6SC111,1,2192
6761,simple,1cd6bc521355,D11-6SC113,1,2192
6762,simple,1dbb495770d9,D11-6SC187,1,1748
6763,simple,9fa1ebe48f97,D119CH5,1,698
6765,simple,9662ef7f58d2,D119CH6,1,840
6766,simple,e73d96a7dbef,D119CH7,1,868
6779,simple,e9daa13fd492,B810-M,0,185
6784,simple,0f04580c957a,"(Lisa) LIS-DRM",0,525
6793,simple,0b9eda0172dc,"(Catherine) CATH-M",0,77
6796,simple,e7a621c2cd8e,ROS-C,0,415
6797,simple,b31b5fbaa8a8,ROS-DR,0,480
6800,simple,8a60a7570839,"(Venetian) VEN-M",0,169
6803,simple,003fa4627c18,"(Lisa) LIS-C",0,355
6804,simple,01bb439af97d,"(Lisa) LIS-DR",0,455
6805,simple,df5b4dfb4c8c,ROS-M,0,85
6840,simple,e587c7e9d3c5,B810CK4,1,1864
6841,simple,afba3675476a,"(Anastasia) ANA-TB",1,107
6847,simple,e9b726894315,B61-QB,1,420
6848,simple,28d36c372ae0,B101,1,40
6850,simple,ab763eb960ec,B100,1,39
6851,simple,ed8c82afc4bc,B133,1,41
6854,simple,8ee3d3bfea78,CH30,1,266
6855,simple,e7e13fb7b766,CH32,1,266
6856,simple,787c9d5d8fd3,CH37,1,291
6857,simple,260f55989436,CH79,1,105
6859,simple,aff01f87cdec,CH31,1,266
6860,simple,7ea93d10da92,CH33,1,266
6862,simple,527b0d21486a,CH77,1,189
6863,simple,be7777288440,CH78,1,104
6864,simple,9632d9c79844,CH34,1,291
6866,simple,4b8e8912f1ac,CH35,1,291
6867,simple,6c1bc6983726,CH36,1,291
6868,simple,4a8c32c51df2,CH42,1,136
6869,simple,d7858a83cce6,CH23,1,119
6870,simple,d8b6b363952b,CT20,1,178
6871,simple,ae2b57340770,CT27,1,449
6872,simple,c2b88aefbc36,CT42,1,185
6873,simple,71415be6545a,CT137-8,1,348
6875,simple,d9760a493006,CT186,1,31
6877,simple,9b9325d99d87,CT21,1,229
6879,simple,ada0e6cb2df6,CT76,0,285
6880,simple,98c6b16ed7e4,CT128,1,167
6881,simple,943e4823f664,CT128-9,1,348
6882,simple,e7971824db71,CT128-9-9,1,487
6883,simple,503092371ed8,CT129,1,139
6884,simple,a8a5ac60738d,CT130,1,209
6885,simple,30c8880f3c6e,CT137,1,209
6886,simple,02129ea82f7a,CT182,1,69
6888,simple,772504625a55,CT75-W,1,285
6889,simple,9d23ad655796,CT137-8-8,1,487
6890,simple,ab6666925c09,CT184,1,104
6891,simple,8545ec72cc64,CT41,1,185
6892,simple,e3aa583a2abd,CT80,1,299
6893,simple,130d8fcd4b09,CT128-9-9-3,1,696
6894,simple,7f309cb4d27c,CT128-9-3,1,557
6895,simple,2aa88059bfe9,CT137-8-8-9,1,696
6896,simple,0027586e47b0,CT138,1,139
6897,simple,a452190946db,CT139,1,209
6902,simple,d634acd04cb2,CT223-4-4,1,637
6903,simple,7a1fcfc58af7,CT228,0,259
6904,simple,17be8308907c,CT260-1-1-2,1,966
6905,simple,77f1352241e2,CT287,1,329
6906,simple,7246020401bb,CT287-8-8-9,1,928
6911,simple,45cf3f0a7461,CT510,1,185
6912,simple,ea1784e35999,CT223-4-5,1,683
6913,simple,89bd68bebe59,CT223-4,1,438
6914,simple,2c272b6622d8,CT246,1,209
6915,simple,74fef75636ba,CT260,1,279
6916,simple,7a37553d6439,CT261,1,179
6917,simple,eec131f617f5,CT262,1,329
6918,simple,24a9de0b030c,CT288,1,175
6923,simple,4d010b024c69,CT223-4-4-5,1,882
6924,simple,47aef7fe2753,CT260-1,1,458
6925,simple,3e492bb14799,CT260-1-1,1,637
6926,simple,213c43e38c02,CT287-8-9,1,753
6927,simple,0b79d22a87fc,CT287-8-8,1,679
6929,simple,1d75d9c1008a,CT359,1,136
6930,simple,bfedc3a255ec,CT360,1,83
6932,simple,de666701f01a,CT2314,1,175
6933,simple,927a088e9520,CT219,1,89
6934,simple,f2c7fed6f0ae,CT223,1,239
6935,simple,8a46abf78685,CT225,1,245
6936,simple,e1dd66cac45c,CT287-8,1,504
6937,simple,6ee133dd976b,CT289,1,249
6941,simple,4.65E+11,CT511,1,165
6942,simple,2c3f8f866ac9,CT512,1,209
6943,simple,871ac30dbfbb,CT2315,1,175
6944,simple,9df926c35d28,CT197,1,285
6945,simple,cf4efbb826ec,CT04,0,445
6949,simple,d192870cbe5a,CT17,1,489
6950,simple,aa43d7e27c3f,CT01,1,389
6951,simple,d8c5298328d9,CT488,1,405
6952,simple,54119a75b842,CT137-8-9,1,557
6954,simple,7dd6a0cd7309,CT219-20-21,1,335
6956,simple,6abc04c61acf,CT04-05-05,0,835
6957,simple,50494718bcaf,CT04-05,0,640
6958,simple,9543a53f2a13,CT27-8-8-9,1,1542
6959,simple,a75d5326d2df,CT27-8-9,1,1263
6960,simple,e1fe0b9dee2a,CT27-8-8,1,1007
6961,simple,4ea1c04e0e00,CT27-8,1,728
6962,simple,2a56e9cff71b,CT219-20,1,210
6969,simple,f6a5d1969c3f,CT17-8-8-9,1,1682
6970,simple,046cfcbae79c,CT17-8-9,1,1373
6971,simple,1633a4f332b9,CT17-8-8,1,1107
6972,simple,edb63ae0ed9f,CT17-8,1,798
6973,simple,4595959896a6,CT197-8-8-9,1,962
6974,simple,fd408d9f77ef,CT197-8-9,1,763
6975,simple,7d1ed5bb208a,CT197-98-98,1,683
6976,simple,25d55b9152b0,CT197-98,1,484
6977,simple,60eef0e82201,CT01-02-03,1,989
6978,simple,bb7f982d8721,CT01-02,1,564
6979,simple,8ff93c14537a,CT01-02-02,1,739
6980,simple,2cd1f109295f,CT01-2-2-3,1,1164
6981,simple,95df4b6c922b,CT04-05-06,0,1135
6982,simple,64085af8404b,CT04-5-5-6,0,1330
6983,simple,3156ee5c7db3,CT488-2E-CO,1,1152
6984,simple,ff1f51f8df15,CT488-9-9,1,783
6985,simple,895ea357ace1,CT488-9-90,1,953
6986,simple,83037978fa02,CT488-9,1,584
6987,simple,d6af941b4dcd,CT29,1,535
6988,simple,9c156c10cd90,CT221,1,89
6989,simple,707a4fcb5f7b,CT199,1,279
6990,simple,9e4decadc9e7,CT06,0,495
6993,simple,269a03eb9588,CT19,1,575
6994,simple,9213e1eb2443,CT03,1,425
6995,simple,0be9ad213d58,CT490,1,388
6996,simple,c3267c65f50e,D13-DT,0,899
6998,simple,f7d9fcf017b0,D16LS-4D14C,1,1762
7001,simple,5668f09825b5,D16LS-4SC45,1,1498
7002,simple,d2535b7a8c40,D16LS-4SC46,1,1498
7005,simple,6b3a418e40c4,D16LS-4SC47,1,1498
7007,simple,964a2e8f9b2c,D16LS-4SC48,1,1498
7009,simple,1be25098e2a5,D58-SC,1,203
7010,simple,c00d0c9b6800,D61D7,1,898
7011,simple,5d082f97ef98,D52-SC,1,186
7013,simple,f2d7b93cfd93,D62D7,1,898
7014,simple,b91ce4a24cda,D55-SC,1,186
7017,simple,778be2d1420d,D211-4SC50,1,945
7018,simple,9a63f42992ab,D211-4SC51,1,945
7019,simple,70bd0b1f63e4,D211-4SC52,1,945
7020,simple,c77ad40324fd,D211-4SC53,1,945
7021,simple,31e22914fec8,D212-4SC71,1,895
7022,simple,f223e1339f13,D212-6SC71,1,1150
7023,simple,a42452402bf8,D221-4SC35,1,1313
7024,simple,c9f9f5b5141f,D221-4SC70,1,985
7025,simple,31089366e6be,D221-4SC71,1,985
7026,simple,73418fa4ed96,D221-DT,1,475
7027,simple,6df9c339a719,D221-4SC34,1,1313
7028,simple,07f0bfda04a9,D221-4SC36,1,1313
7029,simple,908c1a0afa94,D221-4SC72,1,985
7030,simple,c732c4d0023d,D221-4SC73,1,985
7031,simple,86e41ed8b8e5,D221-4D14SC,1,1313
7032,simple,f0704a8b0433,D221-6SC73,1,1240
7033,simple,68d0106bd432,D222-DT,1,499
7034,simple,8009f9bb7215,D221-6SC70,1,1240
7035,simple,50adccea423b,D221-6SC71,1,1240
7036,simple,c85f119cb58a,D222-4SC74,1,1051
7037,simple,7d07018d04e7,D222-6SC74,1,1327
7038,simple,7ee2706caeda,D221-6SC72,1,1240
7039,simple,8fb75847e3aa,D222-4SC75,1,1051
7040,simple,6b3f86ad6586,D222-4SC76,1,1051
7041,simple,23aece5dc358,D222-4SC77,1,1051
7042,simple,cfe80c79dbd3,D17-DT,1,659
7043,simple,6b667412c7c7,D222-6SC75,0,1327
7044,simple,9bfe6b971dd5,D222-6SC76,1,1327
7045,simple,68f21eef70ef,D222-6SC77,1,1327
7046,simple,cfb89e164346,D21-SC,1,135
7047,simple,b66c93ad0296,D25D7-SC,1,1442
7051,simple,62028ea6a8ff,D37-BN,0,399
7053,simple,c4c2842cd0de,D39CH7-SC,1,1382
7055,simple,f57a339e97d0,D81D7-SC,1,1474
7056,simple,e393292a76c3,D26D7-SC,1,1442
7058,simple,8d93cc8e0090,D35D7-SC,1,1452
7060,simple,3ee5904d57c1,D37D7-SC,1,1412
7062,simple,046ce5478772,D42D9,0,1805
7064,simple,611c3f00277c,D82D7-SC,1,1474
7066,simple,e1db78643085,D25-SC2,1,289
7067,simple,97aa38b42768,D81D9,1,1789
7070,simple,159b1526283f,D42D7,0,1486
7071,simple,3baa321b7d42,D44D5,1,753
7072,simple,8dbbefd94e8f,D82D9,1,1789
7073,simple,1c60a6978848,D88-B,1,335
7076,simple,cb394dce9df5,D88D7-SVR,1,2670
7080,simple,c858731fd43b,D90-CHB,1,365
7082,simple,25320b9be61c,D91-CHB,1,365
7083,simple,3088450b6f39,D91CH7-SVR,1,2676
7085,simple,fb3a5bb79a80,D300-5,1,738
7086,simple,94e363ecbd69,D90CH7-SVR,1,2676
7087,simple,d07474be3377,D90CH9-SVR,1,2730
7088,simple,54b7d78a7e42,D91-6CH-SVR,1,2431
7089,simple,d11d6193948d,D92-2AC-4SC,1,1668
7091,simple,30eb3620f157,D95-SC,1,199
7092,simple,b61f74c41242,D96-SC,1,199
7093,simple,c63b3c010222,D303-5,1,738
7098,simple,8ca8aecbcf3a,D90-6CH-SVR,1,2431
7099,simple,0b3785bdc38d,D91-6CH,0,1582
7100,simple,3.35E+11,D95-DT,1,569
7108,simple,58c17a1fbbf9,D304-5,1,774
7111,simple,b0e86c87313f,D502,1,264
7114,simple,e895b545775e,D873-CHT,1,292
7115,simple,0e5ee2e2a770,D874-CHB,0,90
7116,simple,c3137843a09f,D875-CHC,1,168
7123,simple,03d30d282020,D873-CHC,1,168
7125,simple,103394515b83,D59-SC,1,203
7128,simple,3fca88d3727c,D499-SC,1,146
7129,simple,3dc3c7f64203,D96D9,1,1365
7130,simple,b76574cc6586,D95D9,1,1365
7131,simple,f044b71d9a6d,D13-8SC166,0,1891
7132,simple,6bef4a88268d,D118CH5,1,698
7133,simple,793310b6021f,CT28,1,279
7135,simple,1e9708cb40bd,CT220,1,73
7137,simple,ff6cf917d264,CT198,1,199
7138,simple,6cfe64085af0,CT05,1,195
7139,simple,b3d9f0f888bc,CT18,1,309
7140,simple,6f569e440ec5,CT02,1,175
7141,simple,e03333bd9a4c,CT489,1,209
7142,simple,8fb159dc9023,D11-4SC162,0,1353
7143,simple,e300fa68ddc9,D14-4SC165,1,1275
7144,simple,72e2fba43040,D14-4SC164,1,1275
7145,simple,2db7af5bcdf0,D14-4SC166,1,1275
7146,simple,8ee83a5933ee,D14-4SC182,1,1327
7147,simple,46421c436bfe,D14-4SC183,1,1327
7148,simple,b0339c99731e,D11-4SC163,1,1353
7149,simple,3e8011cb0b44,D14-4SC180,1,1327
7150,simple,2d2791044a11,D11-4SC161,1,1353
7151,simple,6237a179efb3,D14-4SC167,1,1275
7152,simple,c6cc15e20665,D14-4SC181,1,1327
7155,simple,1b1448cd6180,K18,1,345
7156,simple,73de9cc06b06,K26,1,402
7157,simple,7af421d00ad1,K27,1,402
7159,simple,e797a18b0d59,K20,1,345
7161,simple,ca4d549130a0,K19,1,345
7162,simple,6d95478e6445,OC41,1,157
7163,simple,dffede54bcc3,OC42,1,157
7165,simple,b216e0c2e83a,OC40,1,157
7166,simple,9707da188455,OC43,1,115
7167,simple,f21e05e1704c,OC45,1,115
7168,simple,a2783adaefe8,OC46,1,115
7169,simple,00a3c44abfd8,OC44,1,115
7171,simple,d73ab0d2b2bc,OC35,1,167
7172,simple,bc6d79d13a9a,OC36,1,167
7173,simple,20306bcc9e0b,OC37,1,167
7175,simple,0a2f4ecedde0,OC39,1,157
7176,simple,59f526d91cf7,CT307,1,449
7178,simple,6ec79923f778,CT308,1,449
7180,simple,6efcf6b2a821,S309,1,1262
7183,simple,0174e46ff34f,S313,1,841
7184,simple,c21d621c1317,S314,1,1441
7185,simple,46a95ca9aa18,S315,1,1441
7186,simple,15c752c77fdf,S317,1,736
7187,simple,5613c6106b11,S318,1,736
7193,simple,d8c10c2d55ba,S311-L,1,837
7194,simple,ee87313dbc76,S312-L,1,837
7195,simple,4e56161e0080,S311-S,1,1043
7196,simple,976ab355b60e,S310-S,1,1043
7197,simple,d22de808ee2e,S312-S,1,1043
7199,simple,b695f5a515da,S311,1,1880
7200,simple,751bdf35984f,S312,1,1880
11124,simple,D450,D450-51-52,1,953
11546,simple,,D134CH5,1,893
11550,simple,,D134CH7,1,1102
11552,simple,,BS23,1,154
11556,simple,,BS24,1,154
11560,simple,,BS25,1,154
11561,simple,,CH20,1,147
11569,simple,,CH21,1,147
11570,simple,,CH22,1,147
11571,simple,,SC14,1,136
11575,simple,,SC15,1,136
11576,simple,,SC16,1,136
11577,simple,,D450,0,294
11581,simple,,D451,0,124
11631,simple,,AC723,1,188
11636,simple,,AC762,1,159
11643,simple,,AC764,1,159
11646,simple,,AC765,1,159
11660,simple,,B63-EKB,1,703
11661,simple,,B63-CKB,1,473
11662,simple,,B63-QB,1,420
11663,simple,,BS163,1,247
11666,simple,,BS39,1,241
11670,simple,,BS48,1,262
11673,simple,,CH164,1,231
11676,simple,,CH29,0,266
11678,simple,,CT224,1,199
11681,simple,,CT226,1,259
11684,simple,,CT227,1,219
11702,simple,,D58-4SC77,1,837
11808,simple,,D89-SC1,1,189
11812,simple,,D89-SC2,1,299
11813,simple,,D89-B,1,335
11815,simple,,D89-6SC,1,1596
11823,simple,,D89-6SC-SVR,1,2445
11824,simple,,D89D7,1,1821
11826,simple,,D89D7-SVR,1,2670
11828,simple,,D89D9,1,1895
11829,simple,,D89D9-SVR,1,2744
11830,simple,,DAV-CK3,1,1058
11836,simple,,DAV-CK4,1,1135
11841,simple,,DAV-CK4C,1,1492
11842,simple,,DAV-CK4N,1,1288
11843,simple,,DAV-CK4NC,1,1645
11844,simple,,DAV-CKB,1,423
11845,simple,,DAV-EK3,1,1058
11846,simple,,DAV-EK4,1,1135
11847,simple,,DAV-EK4C,1,1492
11848,simple,,DAV-EK4N,1,1288
11851,simple,,DAV-EK4NC,1,1645
11852,simple,,DAV-EKB,1,423
11853,simple,,DAV-F3,1,973
11854,simple,,DAV-F4,1,1050
11919,simple,,DAV-F4C,1,1407
11920,simple,,DAV-F4N,1,1203
11921,simple,,DAV-F4NC,1,1560
11922,simple,,DAV-FB,1,338
11923,simple,,DAV-Q3,1,973
11925,simple,,DAV-Q4,1,1050
11926,simple,,DAV-Q4C,1,1407
11927,simple,,DAV-Q4N,1,1203
11929,simple,,DAV-Q4NC,1,1560
11931,simple,,DAV-QB,1,338
11932,simple,,SC171,1,209
11935,simple,,D209-DT,1,375
12796,simple,,CT44,1,149
12801,simple,,B145-EKB,1,211
12803,simple,,B145-QB,1,174
12805,simple,,B145-FB,1,159
12808,simple,,B146-FB,1,159
12810,simple,,B146-EKB,1,211
12811,simple,,B146-QB,1,114
12812,simple,,B138,1,112
12814,simple,,B139,1,112
12817,simple,,B140,1,112
12819,simple,,B141,1,112
12823,simple,,B143-EKB,1,211
12824,simple,,B143-FB,1,159
12826,simple,,B143-QB,1,174
12828,simple,,CH51,1,232
12830,simple,,CH52,1,232
12975,simple,,CH53,1,232
12977,simple,,CH54,0,232
12981,simple,,BS81,1,233
12989,simple,,BS82,1,233
12991,simple,,BS83,1,233
12992,simple,,BS84,0,233
12995,simple,,BS86,1,255
13003,simple,,BS87,1,255
13005,simple,,BS88,1,255
13009,simple,,BS89,0,255
13010,simple,,CH56,1,253
13019,simple,,CH57,1,253
13020,simple,,CH58,1,253
13021,simple,,CH59,0,253
13410,simple,,CH230,1,287
13431,simple,,CH231,1,287
13432,simple,,CH232,1,287
13433,simple,,CH233,1,287
13434,simple,,CH234,1,287
13447,simple,,DON-CK3,1,643
13459,simple,,DON-CK4,1,703
13460,simple,,DON-CK4C,1,988
13462,simple,,DON-CK4N,1,827
13463,simple,,DON-CK4NC,1,1112
13464,simple,,DON-CKB,1,163
13465,simple,,DON-DRM,0,416
13466,simple,,DON-EK3,1,643
13530,simple,,DON-EK4,1,703
13531,simple,,DON-EK4C,1,988
13532,simple,,DON-EK4N,1,827
13533,simple,,DON-EK4NC,1,1112
13535,simple,,DON-EKB,1,163
13536,simple,,DON-F3,1,608
13537,simple,,DON-F4,1,668
13538,simple,,DON-F4C,1,953
13539,simple,,DON-F4N,1,792
13540,simple,,DON-F4NC,1,1077
13541,simple,,DON-Q3,1,614
13542,simple,,DON-Q4,1,674
13543,simple,,DON-Q4C,1,959
13544,simple,,DON-Q4N,1,798
13545,simple,,DON-Q4NC,1,1083
13546,simple,,DON-T3,1,587
13547,simple,,DON-T4,1,647
13548,simple,,DON-T4C,1,932
13549,simple,,DON-T4N,1,771
13550,simple,,DON-T4NC,1,1056
13551,simple,,DON-C,0,285
13552,simple,,DON-DR,0,356
13553,simple,,DON-TB,1,107
13554,simple,,DON-FB,1,128
13556,simple,,DON-QB,1,134
13557,simple,,DON-N,0,124
13558,simple,,CH236,1,266
13579,simple,,CH237,1,266
13581,simple,,CH238,1,266
13582,simple,,CH239,1,266
13583,simple,,CH240,1,266
13848,simple,,D133CH5,1,893
13849,simple,,D133CH7,1,1102
13850,simple,,D133-CHC,1,209
13851,simple,,D133-CHT,1,475
13854,simple,,D134-CHC,1,209
16543,simple,,CH210,1,228
16559,simple,,CH211,1,228
16561,simple,,CH212,1,228
16562,simple,,CH213,1,228
16565,simple,,CH214,1,228
16566,simple,,CH216,1,218
16582,simple,,CH217,1,218
16583,simple,,CH218,1,218
16584,simple,,CH220,1,218
16586,simple,,CH219,1,218
16587,simple,,BS210,1,247
16603,simple,,BS211,1,247
16638,simple,,BS212,1,247
16639,simple,,BS213,1,247
16640,simple,,BS214,1,247
16641,simple,,BS216,1,236
16657,simple,,BS217,1,236
16658,simple,,BS218,1,236
16659,simple,,BS219,1,236
16660,simple,,BS220,1,236
16884,simple,,B134,1,97
16888,simple,,BS467,1,59
16891,simple,,CT150,1,79
16898,simple,,CT151,1,59
16900,simple,,CT152,1,79
16902,simple,,CT153,1,49
16911,simple,,CT158,1,49
16913,simple,,CT219-20-20,1,305
16916,simple,,CT219-2E-CO,1,430
16921,simple,,D127,1,349
16925,simple,,D127-CHT,1,375
16927,simple,,D128-CHC,1,83
16930,simple,,VIC-M,1,26
16937,simple,,D212-6SC36,1,1642
16961,simple,,D212-6SC50,1,1279
16963,simple,,D212-6SC51,1,1279
16965,simple,,D212-6SC52,1,1279
16967,simple,,D212-6SC53,1,1279
16969,simple,,D212-6SC70,1,1150
16971,simple,,D212-6SC72,1,1150
16975,simple,,D212-6SC73,1,1150
16977,simple,,D212-DT,0,385
16980,simple,,D21D7-SC,1,1096
16982,simple,,D22D7-SC,1,1096
16984,simple,,D22-SC,1,105
16990,simple,,D23D7,1,839
16993,simple,,D24D7,1,839
16994,simple,,D24D7-SC,1,734
16996,simple,,D23D7-SC,1,734
16998,simple,,D24D9,1,944
17000,simple,,D23D9,1,944
17004,simple,79bc7242c074,D26-SC1,0,175
17012,simple,,D27CH7-SC,1,1410
17014,simple,,D28CH7-SC,1,1410
17017,simple,,D28-CHC1,1,149
17022,simple,,D27-CHC1,1,149
17029,simple,,D305-5,1,774
17031,simple,,D304-5,1,774
17033,simple,,D317D6,1,525
17035,simple,b0a59bb15878-1,D31CH7-SC,1,1452
17038,simple,b0a59bb15878-1,D32CH7-SC,1,1452
17042,simple,862853810b62-1,D31-CHC1,1,165
17048,simple,862853810b62-1,D32-CHC1,1,165
17055,simple,9f03dbdb6700,D37-SC1,0,1
17060,simple,b4aa34ef6a13-1,D39-CHC1,1,149
17066,simple,159b1526283f-1,D41D7,0,1486
17070,simple,e46bbe0fecf2-1,D41-SC,1,319
17073,simple,e46bbe0fecf2-1,D41-SC1,0,195
17076,simple,,D42-B,0,1
17080,simple,51d059521bda-1,D42D7B,0,1617
17084,simple,e46bbe0fecf2-1-1,D42-SC1,0,195
17094,simple,e068140acef0-1,D49CH7-CHC,1,1454
17096,simple,e068140acef0-1,D45CH7-CHC,1,1454
17098,simple,,D45-CHC1,1,159
17100,simple,,D49-CHC1,0,159
17176,simple,4d0e6af18801-1,D52-4D14C,1,1097
17178,simple,140a001f4a27-1,D56-4SC14,1,1102
17180,simple,b6597891fd80-1,D56D7,1,822
17184,simple,b6597891fd80-1,D57D7,1,822
17187,simple,0c0e2580c6ff-1,D58-4SC58,1,1233
17189,simple,a2699f398046-1,D873-CHB,0,1
17191,simple,c3137843a09f-1,D874-CHC,0,168
17193,simple,,D874-CHT,0,1
17195,simple,0e5ee2e2a770-1,D875-CHB,0,90
17197,simple,,D88-6SC-SVR,1,2445
17204,simple,,D88-6SC,1,1596
17207,simple,,D88D7,1,1821
17210,simple,,D88D9,1,1895
17213,simple,,D88D9-SVR,1,2744
17216,simple,,D88-DT,0,1
17217,simple,,D88-SC1,1,189
17218,simple,,D88-SC2,1,299
17220,simple,d07474be3377-1,D88-SVR,1,849
17224,simple,0b3785bdc38d-1,D90-6CH,1,1582
17232,simple,0b3785bdc38d-1,D91-CHC1,0,1
17234,simple,0b3785bdc38d-1,D91-CHC2,1,299
17237,simple,,D90-CHT,1,685
17239,simple,d07474be3377-2,D91CH9-SVR,1,2730
17242,simple,,D92-2AC-3C-B,1,1673
17245,simple,,D93-2A-3C-B,0,1673
17248,simple,,D92-2A4SC,1,1668
17256,simple,,D92-5SC-B,1,1487
17258,simple,,D93-5SC-B,0,1487
17260,simple,,D93-AC,0,1
17262,simple,,D92-AC,0,1
17265,simple,,D92-B,1,149
17267,simple,,D93-B,1,149
17269,simple,,D92-SC1,0,1
17271,simple,,D92-SC2,1,299
17272,simple,,D93-SC1,0,1
17274,simple,,D93-SC2,1,299
17275,simple,b76574cc6586-1,D95-2A-4SC,1,1266
17278,simple,b76574cc6586-1,D96-2A-4SC,1,1266
17281,simple,b76574cc6586-2,D95-2A-6SC,1,1465
17282,simple,3dc3c7f64203-1,D96-2A-6SC,1,1465
17283,simple,3dc3c7f64203-1,D95-6SC,1,1166
17285,simple,3dc3c7f64203-1,D96-6SC,1,1166
17287,simple,b76574cc6586-2-1,D95-AC,0,1
17290,simple,b76574cc6586-2-1,D96-AC,0,1
17297,simple,a17448c82eca-1,D97CH7-CHC,1,1454
17303,simple,a17448c82eca-1,D98CH7-CHC,0,1454
17308,simple,a17448c82eca-1,D98-CHC2,1,295
17309,simple,a17448c82eca-1,D98-CHC1,1,159
17310,simple,a17448c82eca-1-1,D97-CHC1,1,159
17312,simple,a17448c82eca-1-1,D97-CHC2,1,159
17314,simple,,DAV-DR,0,1
17316,simple,,DAV-DRM,0,1
17318,simple,,DAV-NS,0,1
17320,simple,,DON-M,0,1
17322,simple,7af421d00ad1-1,K28,0,402
17327,simple,7af421d00ad1-1,K29,0,402
17331,simple,545aadea8821-1,LIS-M,0,1
17333,simple,545aadea8821-1,LIS-N,0,1
17335,simple,c8168fedf4ad-1,MAD-DRM,0,1
17337,simple,c8168fedf4ad-1,MAD-M,0,1
17340,simple,c8168fedf4ad-1,MAD-N,0,1
17342,simple,66f433fe777f-1,ROS-DRM,0,1
17344,simple,66f433fe777f-1,ROS-N,0,1
17348,simple,47752518314-1,SAN-C,0,1
17349,simple,47752518314-1,SAN-DR,0,1
17351,simple,47752518314-1,SAN-DRM,0,1
17353,simple,47752518314-1,SAN-M,0,1
17356,simple,47752518314-1,SAN-N,0,1
17357,simple,,SC200,0,243
17363,simple,,SC202,0,243
17375,simple,,SC203,0,243
17381,simple,,SC204,0,243
17388,simple,,SC201,0,243
17389,simple,,SC206,0,243
17390,simple,,SC208,0,243
17391,simple,,SC209,0,243
17392,simple,,SC210,0,243
17393,simple,,SC207,0,243
17419,simple,2da25d896897-1,SLE-C,0,1
17423,simple,2da25d896897-1-1,SLE-DR,0,1
17425,simple,2da25d896897-1-1-1,SLE-DRM,0,1
17427,simple,2da25d896897-1-1-1-1,SLE-M,0,1
17429,simple,2da25d896897-1-1-1-1,SLE-N,0,1
17447,simple,,SC220,0,175
17451,simple,,SC221,0,175
17455,simple,,SC222,0,175
17459,simple,,SC223,0,175
17463,simple,,SC224,0,175
17467,simple,,SC226,0,186
17471,simple,,SC227,0,186
17475,simple,,SC228,0,186
17479,simple,,SC229,0,186
17483,simple,,SC230,0,186
17487,simple,,SC240,0,300
17490,simple,,SC241,0,300
17499,simple,,SC242,0,300
17500,simple,,SC244,0,300
17505,simple,,SC243,0,300
17506,simple,,SC246,0,321
17528,simple,,SC247,0,321
17529,simple,,SC248,0,321
17530,simple,,SC249,0,321
17531,simple,,SC250,0,321
17534,simple,42a1628c70bb-1,AC209,1,419
17538,simple,,ANA-C,0,1
17543,simple,,ANA-DR,0,1
17544,simple,,ANA-DRM,0,1
17549,simple,,ANA-N,0,1
17551,simple,,B144-EKB,1,211
17556,simple,,B149-FB,1,169
17560,simple,,B149-QB,1,179
17561,simple,,B149-TB,1,149
17562,simple,,B150-FB,1,169
17566,simple,,B150-QB,1,179
17567,simple,,B150-TB,1,149
17568,simple,,B152,1,129
17571,simple,,B151,1,129
17575,simple,4192429cc14f-1,B811-CK4NC,1,2658
17578,simple,053d7efe7cf4-1,B811-B,1,239
17579,simple,3e2dfd93114a-1,B811-CK3,1,1679
17580,simple,e587c7e9d3c5-1,B811-CK4,1,1864
17581,simple,61f8d6068660-1,B811-CK4C,1,2413
17582,simple,e43fe4df1200-1,B811-CK4N,1,2109
17583,simple,d9ab8c2c4c8d-1,B811-EK3,1,1679
17584,simple,14ed684c471b-1,B811-EK4,1,1864
17585,simple,088d2ca90024-1,B811-EK4C,1,2413
17586,simple,2eca33b67234-1,B811-EK4N,1,2109
17587,simple,9ff557519ca1-1,B811-EK4NC,1,2658
17588,simple,df3aebb24274-1,B811-Q3,1,1533
17589,simple,645e5f102233-1,B811-Q4C,1,2267
17590,simple,08a9b9a9b841-1,B811-Q4N,1,1963
17591,simple,a4f46e423426-1,B811-Q4NC,1,2512
17601,simple,787c9d5d8fd3-1,CH38,1,291
17605,simple,,CT226-7,1,478
17610,simple,,CT226-7-7,1,697
17613,simple,,CT226-7-7-8,0,956
17614,simple,,CT41-44-44,1,483
17620,simple,,CT41-44,1,334
17621,simple,8545ec72cc64-1,CT46,0,185
17622,simple,,CT46-47,0,334
17623,simple,,CT46-47-47,0,483
17629,simple,,CT47,1,149
17630,simple,,CT49,0,149
17636,simple,8545ec72cc64-2,CT48,0,185
17637,simple,,CT48-49,0,334
17638,simple,,CT48-49-49,0,483
17645,simple,c2b88aefbc36-1,CT42-45,1,334
17651,simple,c2b88aefbc36-1-1,CT42-45-45,1,483
17652,simple,c2b88aefbc36-1-1-1,CT45,1,149
17653,simple,45cf3f0a7461-1,CT510-1,1,350
17657,simple,45cf3f0a7461-1-1,CT510-1-1-2,1,724
17658,simple,45cf3f0a7461-1-1,CT510-1-1,1,515
17681,simple,2d2791044a11-1,D11-4SC160,1,1353
17688,simple,852b67a85ea0-1,D11-4SC194,1,1885
17689,simple,852b67a85ea0-2,D11-4SC195,1,1885
17690,simple,439d145d13a5-1,D11-4SC74,1,1397
17691,simple,439d145d13a5-2,D11-4SC75,1,1397
17696,simple,1dfa27e2e49a-1,D115D7,1,847
17708,simple,2b18b6c3dae8-1,D115D6,1,812
17709,simple,2b18b6c3dae8-1-1,D115D5,1,684
17710,simple,2b18b6c3dae8-1-1-1,D116D5,1,684
17714,simple,6fe5f1f3e8f9-1,D115-SC,1,163
17715,simple,c3515918f17f-1,D11-6SC160,1,1607
17722,simple,4771c83362de-1,D11-6SC194,1,2405
17723,simple,4771c83362de-2,D11-6SC195,1,2405
17726,simple,64f61f007b95-1,D11-6SC74,1,1673
17727,simple,64f61f007b95-2,D11-6SC75,1,1673
17733,simple,,D118-CHB,1,142
17738,simple,,D119-CHB,1,142
17739,simple,,D118-CHC,1,170
17742,simple,,D119-CHC,1,170
17744,simple,13a10f60a1b2-1,D11-DT,1,845
17746,simple,217982f5e38a-1,D122D7,1,1406
17749,simple,217982f5e38a-1-1,D122D5,1,1137
17754,simple,,D14-4SC190,1,1791
17763,simple,,D14-4SC191,1,1791
17764,simple,,D14-4SC192,1,1791
17765,simple,,D14-4SC193,1,1791
17767,simple,,D14-6SC190,0,2297
17768,simple,,D14-6SC191,1,2297
17769,simple,,D14-6SC192,1,2297
17770,simple,,D14-6SC193,1,2297
17779,simple,,D14-4SC69,1,1289
17780,simple,,D14-4SC70,1,1289
17781,simple,,D14-4SC71,1,1289
17782,simple,,D14-4SC72,1,1289
17783,simple,,D14-4SC73,1,1289
17794,simple,,D14-6SC164,1,1523
17795,simple,,D14-6SC166,1,1523
17796,simple,,D14-6SC165,1,1523
17803,simple,3e8011cb0b44-1,D14-6SC180,1,1601
17804,simple,c6cc15e20665-1,D14-6SC181,1,1601
17805,simple,8ee83a5933ee-1,D14-6SC182,1,1601
17806,simple,46421c436bfe-1,D14-6SC183,1,1601
17817,simple,31238c117915-1,D14-6SC34,1,2036
17818,simple,e0c4a0cdc086-1,D14-6SC35,1,2036
17819,simple,e82282e4aa5e-1,D14-6SC36,1,2036
17826,simple,,D14-6SC69,1,1544
17827,simple,,D14-6SC70,1,1544
17828,simple,,D14-6SC71,1,1544
17829,simple,,D14-6SC72,1,1544
17830,simple,,D14-6SC73,1,1544
17840,simple,31238c117915-1-1,D14D7,1,2036
17843,simple,,D150D7,1,785
17853,simple,,D150D6,1,748
17854,simple,,D150D5,1,633
17855,simple,,D150-B,1,115
17856,simple,,D150-DT,1,329
17857,simple,,D150-SC,1,152
17858,simple,,D151CH5,1,659
17859,simple,,D151CH6,1,795
17860,simple,,D151CH7,1,819
17871,simple,,D151-CHB,1,136
17872,simple,,D151-CHC,1,160
17873,simple,,D151-CHT,1,339
17874,simple,44009b3de773-1,D17-4SC73,1,1169
17876,simple,44009b3de773-1-1,D17-4SC89,1,1169
17878,simple,c30240de7ab2-1,D18-4SC79,1,1251
17880,simple,8b1f4e8a5a5b-1,D17-4SC190,1,1671
17881,simple,7474cd924f48-1,D17-4SC193,1,1671
17882,simple,517e1e1a43c3-1,D17-4SC192,1,1671
17883,simple,5b5de5fd8e69-1,D17-4SC191,1,1671
17892,simple,8b1f4e8a5a5b-1-1,D18-4SC194,1,1739
17893,simple,5b5de5fd8e69-1-1,D18-4SC195,1,1739
17894,simple,517e1e1a43c3-1-1,D18-4SC196,1,1739
17895,simple,7474cd924f48-1-1,D18-4SC197,1,1739
17914,simple,,D190,1,174
17919,simple,,D192,1,153
17920,simple,,D209-4SC54,1,1323
17931,simple,,D209-4SC55,1,1323
17932,simple,,D209-4SC56,1,1323
17933,simple,,D209-4SC57,1,1323
17934,simple,,D209-4SC58,1,1323
17935,simple,,D209-4SC184,1,977
17936,simple,,D209-4SC185,1,977
17937,simple,,D209-4SC186,1,977
17938,simple,,D209-4SC187,1,977
17947,simple,,D211-4SC59,1,1221
17948,simple,,D211-4SC60,1,1221
17949,simple,,D211-4SC61,1,1221
17950,simple,,D211-4SC62,1,1221
17951,simple,,D211-4SC63,1,1221
17963,simple,,D211-4SC180,1,897
17964,simple,,D211-4SC181,1,897
17965,simple,,D211-4SC182,1,897
17966,simple,,D211-4SC183,1,897
17975,simple,,D211-DT,1,349
17977,simple,,D212-6D14SC,1,1642
17978,simple,,D212-6SC34,1,1642
17979,simple,,D212-6SC35,1,1642
17986,simple,,D212-4D14SC,1,1223
17987,simple,,D212-4SC34,1,1223
17988,simple,,D212-4SC35,1,1223
17989,simple,,D212-4SC36,1,1223
17999,simple,,D212-4SC45,1,959
18000,simple,,D212-4SC46,1,959
18001,simple,,D212-4SC47,1,959
18002,simple,,D212-4SC48,1,959
18007,simple,,D212-4SC50,1,981
18008,simple,,D212-4SC51,1,981
18009,simple,,D212-4SC52,1,981
18010,simple,,D212-4SC53,1,981
18022,simple,,D212-4SC70,1,895
18024,simple,,D212-4SC73,1,895
18025,simple,,D212-4SC72,1,895
18035,simple,6efcf6b2a821-1,S307,0,1262
18036,simple,6efcf6b2a821-2,S308,0,1262
18130,simple,d8c10c2d55ba-1,S310-L,0,837
18133,simple,15c752c77fdf-1,S316,0,1045
18134,simple,15c752c77fdf-2,S319,0,841
18135,simple,15c752c77fdf-3,S334,1,841
18136,simple,15c752c77fdf-4,S335,1,841
18137,simple,15c752c77fdf-5,S336,1,841
18138,simple,c21d621c1317-1,S333,1,841
18162,simple,0174e46ff34f-1,S314,1,841
18163,simple,0174e46ff34f-2,S315,1,841
18207,simple,e38ae10929f0-1,DAV-C,0,315
18209,simple,c8168fedf4ad-1-1,MAD-C,0,1
18211,simple,6ec79923f778-1,CT309,0,457
18213,simple,,D14-6SC89,1,1544
18215,simple,,D14-4SC89,1,1289
18218,simple,32bda0f6fe99-1,D11-6SC79,1,1673
18220,simple,1db11ecafdf1-1,D11-4SC79,1,1397
18222,simple,,B144-QB,1,174
18223,simple,,B144-FB,1,169
18227,simple,f579229a8751-1,D115-B,0,1
18253,simple,676405cfdcfa-1,D212-6SC193,1,1903
